RANK,TIME,ATHLETE/TEAM,GRADE,MEET DATEPLACE
1,47.47,STEPHON BROWNCentral Dauphin East (CD East),2019,"Mid Penn Championship1stMay 11, 2019"
2,47.48,JULIAN KLENNERWesttown School,2019,"PA Independent School Athletic Association (PAISAA) Championship1stMay 18, 2019"
2,47.48,SALIM EPPSSaint Joseph's Prep,2020,"PIAA T&F State Championships1stMay 24, 2019 - May 25, 2019"
4,47.71,ANDERSON DIMONPennridge,2019,"Explorers Invitational1stApr 12, 2019"
5,47.98,TRE'SEAN BOUIENeumann Goretti,2019,"PIAA T&F State Championships1stMay 24, 2019 - May 25, 2019"
6,48.04,DONOVAN SANDERSGirard College HS,2020,"PIAA T&F State Championships2ndMay 24, 2019 - May 25, 2019"
7,48.11,JAMES JAISINGHCumberland Valley,2021,"PIAA District 3 AAA Championships2ndMay 17, 2019 - May 18, 2019"
8,48.38,JOSEPH BRUNOMechanicsburg Area High School,2020,"Shippensburg 93rd Jack Roddick HS Invitational1stApr 20, 2019"
8,48.38,CALEB RYUHatboro Horsham,2021,"PIAA T&F State Championships3rdMay 24, 2019 - May 25, 2019"
10,48.4,SAVION HEBRONNeshaminy,2019,"Shippensburg 93rd Jack Roddick HS Invitational2ndApr 20, 2019"
11,48.48,CHRIS ZIMMERMANEpiscopal Academy,2019,"Inter-Ac League Championships1stMay 9, 2019 - May 11, 2019"
12,48.62,JEROME JESSUPRed Lion,2019,"31st Annual Stan Morgan Invitational at Carlisle1stMay 4, 2019"
13,48.74,BRENDAN O'MALLEYBaldwin,2019,"PIAA District 7 (WPIAL) AAA Championships1stMay 16, 2019"
13,48.74,ZAKHAREE WILLIAMSGreater Latrobe,2019,"PIAA District 7 (WPIAL) AAA Championships2ndMay 16, 2019"
15,48.77,DAN WHALEYThe Haverford School for Boys,2019,"Inter-Ac League Championships2ndMay 9, 2019 - May 11, 2019"
16,48.95,KENDALL BRANANIndiana Area,2020,"Butler Invitational - 55th Annual1stApr 18, 2019"
17,49.01,DOMINICK BROWNChichester,2019,"PIAA District 1 AAA Championships4th PMay 17, 2019 - May 18, 2019"
18,49.09,DAVID WILLIAMSCumberland Valley,2021,"Mid Penn Championship3rdMay 11, 2019"
19,49.12,ZANDER BRADLEYCentral Columbia,2020,"PIAA T&F State Championships3rdMay 24, 2019 - May 25, 2019"
20,49.13,NOAH SANDERSGettysburg Area High School,2021,"PIAA District 3 AAA Championships4thMay 17, 2019 - May 18, 2019"
21,49.19,GBARWHO FLAHNUpper Darby,2019,"Haverford Invitational1stMar 30, 2019"
22,49.22,MUSTAPHA SALAUParkland,2021,"EPC/Colonial Conference Championships1stMay 7, 2019 - May 8, 2019"
23,49.23,SIDNEY TURNERUpper Darby,2020,"PIAA District 1 AAA Championships7th PMay 17, 2019 - May 18, 2019"
24,49.27,SHANE COHENLower Moreland,2019,"Lower Merion Invitational1stMay 4, 2019"
25,49.3,JOSHUA LEWINWest Chester East,2020,"West Chester East vs. Avon Grove1stApr 29, 2019"
26,49.33,JAMES NMAHPenn Wood,2020,"PIAA District 1 AAA Championships2nd PMay 17, 2019 - May 18, 2019"
27,49.42,HUNTER JONESKarns City,2019,"PIAA T&F State Championships4thMay 24, 2019 - May 25, 2019"
28,49.45,JAJUAN OLIVERHarrisburg High School,2021,"PIAA T&F State Championships7thMay 24, 2019 - May 25, 2019"
29,49.49,MALACHI LANGLEYChester,2020,"PIAA District 1 AAA Championships5th PMay 17, 2019 - May 18, 2019"
30,49.53,JUSTIN HUSSDerry Area,2020,"PIAA T&F State Championships5thMay 24, 2019 - May 25, 2019"
31,49.54,MICHAEL KUSHNERWest Chester East,2019,"14th Annual Hoka One One Henderson Invitational4thMay 3, 2019"
32,49.56,ENOOBONG EKAMsgr Bonner & Abp Prendergast HS,2021,"PIAA District 12 AAA Championships2ndMay 15, 2019 - May 16, 2019"
33,49.58,BRANDON VARGAS-BINESUpper Dublin,2019,"SOL American Conference Championships2ndMay 10, 2019 - May 11, 2019"
34,49.59,CHAD MOWBRAYPenn Manor,2019,"PIAA T&F State Championships5th PMay 24, 2019 - May 25, 2019"
35,49.61,BOBBY BRASHEARPennridge,2020,"SOL Continental Conference Championships1stMay 10, 2019 - May 11, 2019"
36,49.62,MALACHI LANGLEYThe Athletes Academy,,"AAU Mid-Atlantic District Qualifier4thJun 14, 2019 - Jun 16, 2019"
37,49.66,ISAAC GALEPhoenixville Area,2019,"PIAA District 1 AAA Championships8th PMay 17, 2019 - May 18, 2019"
38,49.69,ETHAN KLEESDanville Area,2019,"PIAA District 4 AA-AAA Championship1stMay 16, 2019 - May 18, 2019"
38,49.69,DOMINICK BROWNChester Cheetahs,,"1st State Outdoor Track Classic1stJun 1, 2019"
40,49.71,SAVAUGHN HEBRONNeshaminy,2019,"PIAA District 1 AAA Championships6th PMay 17, 2019 - May 18, 2019"
41,49.72,JAVIER WILLIAMSBensalem,2020,"Bensalem Invitational1stApr 13, 2019"
42,49.82,JORDAN MONGANPlymouth Whitemarsh,2019,"PIAA District 1 AAA Championships10th PMay 17, 2019 - May 18, 2019"
43,49.85,MATT FRYWilson (3),2020,"2019 BCIAA Firing Championship1stMay 9, 2019 - May 11, 2019"
44,49.91,TOM MCDONOUGHNorth Hills,2020,"PIAA T&F State Championships5th PMay 24, 2019 - May 25, 2019"
45,49.92,NICK MURAWSKIGrove City Area,2019,"Butler Invitational - 55th Annual3rdApr 18, 2019"
46,49.93,TYLER BYRDBishop McDevitt,2019,"Trojan Track Classic1stMay 2, 2019"
47,49.96,ARTIE BURGESSCoatesville,2020,"17th Annual Black Knight Invitational2ndApr 13, 2019"
48,50,PAYTON STANZIANIBoyertown,2019,"Pioneer Athletic Conference Championship2ndMay 10, 2019 - May 11, 2019"
49,50.01,MICHAEL CASTORAbington,2020,"PIAA District 1 AAA Championships11th PMay 17, 2019 - May 18, 2019"
50,50.04,TIMMY ODUNJOPenn Wood,2020,"Pennsylvania Track Classic1stMar 30, 2019"
51,50.07,NANA ADUSEPOKUGateway,2020,"46th Annual Baldwin Invitational2ndMay 3, 2019"
52,50.12,JORDAN MORSENorristown,2021,"PIAA District 1 AAA Championships13th PMay 17, 2019 - May 18, 2019"
53,50.13,JORDAN MONGANConshohocken Electric Force TC,,"AAU Mid-Atlantic District Qualifier5thJun 14, 2019 - Jun 16, 2019"
54,50.15,SHAWN BURRELLSpringfield Township (Montco),2019,"PW Colonial Classic1stApr 6, 2019"
55,50.16,ZACHARY DECARMINENittany Track and Field,2020,"USATF Youth Outdoor Track and Field Championship2ndJun 25, 2019 - Jun 30, 2019"
56,50.17,MARCOS LOPEZCentral Bucks East,2021,"PIAA District 1 AAA Championships14th PMay 17, 2019 - May 18, 2019"
57,50.18,NICHOLAS-BLAINE MESSAMLower Merion,2019,"Central League Individual Champs1stMay 8, 2019"
58,50.22,LUCKY KROMAHOverbrook,2020,"Lower Merion Invitational2ndMay 4, 2019"
58,50.22,JOHNNY BARCAROLAWestern Wayne,2019,"PIAA T&F State Championships7thMay 24, 2019 - May 25, 2019"
60,50.26,ALAN ZLOTINCentral Bucks West,2020,"SOL Continental Conference Championships2ndMay 10, 2019 - May 11, 2019"
60,50.26,TYLER BOONERoman Catholic,2021,"PIAA District 12 AAA Championships3rdMay 15, 2019 - May 16, 2019"
62,50.27,TERRANCE QUAKERWest Perry,2019,"Mid Penn Championship5thMay 11, 2019"
62,50.27,JEREMIAH PARSONJuniata,2019,"PIAA T&F State Championships8thMay 24, 2019 - May 25, 2019"
64,50.29,BENNETT BOOTH-GENTHEThe Hill School,2019,"MAPL Outdoor Championship1stMay 11, 2019"
65,50.3,MAC COSTONISLaSalle College High School,2019,"Philadelphia Catholic League Outdoor Championships4thMay 11, 2019"
66,50.33,OLIVIER BRYANTHarry S Truman,2020,"PW Colonial Classic2ndApr 6, 2019"
67,50.34,JAMES NMAHThe Athletes Academy,,"AAU Junior Olympic Games52nd PJul 27, 2019 - Aug 3, 2019"
68,50.38,ONYEKACHI NZEHUpper Darby,2022,"Strath Haven vs Upper Darby vs Ridley1stApr 29, 2019"
69,50.39,JOSIAH TAYLORWyomissing Area,2020,"PIAA District 3 AA Championships1stMay 17, 2019 - May 18, 2019"
69,50.39,CHRISTIAN TACKETTLiberty,2020,"EPC/Colonial Conference Championships2ndMay 7, 2019 - May 8, 2019"
71,50.4,GAGE GALUSKAHampton,2021,"Northern Area Last Chance2ndMay 7, 2019"
72,50.41,BLAKE EWASKEYCentral Bucks West,2019,"Quakertown at CB West1stApr 30, 2019"
72,50.41,SCOTT STANYARDHarbor Creek,2020,"PIAA District 10 Class AAA Championships1stMay 18, 2019"
74,50.42,ANDREW BIESECKERGarnet Valley,2019,"PIAA District 1 AAA Championships17th PMay 17, 2019 - May 18, 2019"
75,50.44,GUILLAUME LAFORESTChester Cheetahs,2021,"1st State Outdoor Track Classic2ndJun 1, 2019"
76,50.46,JAIESE DAVISChester Cheetahs,2019,"AAU Mid-Atlantic District Qualifier7thJun 14, 2019 - Jun 16, 2019"
77,50.47,KENDALL WHITEUnattached Club,2021,"GA 2019 All-Comers Track & Field Meet Series #32ndJul 2, 2019"
78,50.48,TREVOR PASCHALLStallions Youth Track Club,2022,"Three Rivers Association Championships1stJun 22, 2019 - Jun 23, 2019"
79,50.52,MICHAEL BRADLEYHazleton Area,2019,"PIAA District 2 AAA Championship1stMay 16, 2019"
79,50.52,EVAN MILLERPennridge,2019,"PIAA District 1 AAA Championships18th PMay 17, 2019 - May 18, 2019"
81,50.55,JORDAN LAGANANortheastern,2020,"PIAA District 3 AAA Championships10thMay 17, 2019 - May 18, 2019"
82,50.56,IAN FRANCISDelco Stallions TC,2020,"City of Wilmington Youth Invite1stJun 9, 2019"
83,50.58,ROMAN KATONACentral Bucks West,2020,"Helman Memorial Invitational1stMay 2, 2019"
84,50.59,CONNOR BECKERNew Oxford,2019,"YAIAA Track and Field League Championships2ndMay 10, 2019"
84,50.59,JASON TURNERPennsbury,2020,"Bensalem Invitational3rdApr 13, 2019"
84,50.59,JARRED MCINTIREDowningtown West,2019,"PIAA District 1 AAA Championships19th PMay 17, 2019 - May 18, 2019"
87,50.6,LUCAS RUSSELLNorth East,2019,"PIAA District 10 Class AA Championships2ndMay 18, 2019"
87,50.6,DYLAN DEVLINCentral Columbia,2021,"PIAA District 4 AA-AAA Championship2ndMay 16, 2019 - May 18, 2019"
87,50.6,ETHAN BOURILBlackhawk,2019,"PIAA District 7 (WPIAL) AAA Championships5thMay 16, 2019"
87,50.6,MATTHEW PURCELLFather Judge,2019,"31st Father Judge Relays7thApr 17, 2019"
91,50.62,TRENT HOWEHollidaysburg Area,2019,"PIAA T&F State Championships6th PMay 24, 2019 - May 25, 2019"
92,50.65,JAMES KOCONISLewisburg Area,2021,"PIAA District 4 AA-AAA Championship3rdMay 16, 2019 - May 18, 2019"
93,50.69,DARRYN OUKDelaware Valley,2019,"PIAA District 2 AAA Championship2ndMay 16, 2019"
94,50.7,DENIS GALLAGHERSaint Joseph's Prep,2020,"31st Father Judge Relays8thApr 17, 2019"
95,50.71,MITCHEL CARLGreater Latrobe,2019,"PIAA District 7 (WPIAL) AAA Championships6thMay 16, 2019"
96,50.73,ISAAC KANEUpper Saint Clair,2020,"46th Annual Baldwin Invitational3rdMay 3, 2019"
97,50.75,ABDUL GRIGGSChester,2021,"Boys Delco Championship8th PMay 2, 2019 - May 4, 2019"
98,50.77,QUADIR COLLIERWilson Area (11),2019,"PIAA District XI AAA Championship2ndMay 15, 2019 - May 16, 2019"
99,50.78,TANNER HESSHempfield (3),2021,"PIAA District 3 AAA Championships11thMay 17, 2019 - May 18, 2019"
100,50.79,ROBERT WILSONWissahickon,2020,"Trojan Track Classic4thMay 2, 2019"
101,50.82,RUTGER RANDALLKeystone Oaks,2021,"Big South Championship1stApr 24, 2019"
102,50.83,JACKSON COYNERiverside (7),2019,"Beaver County Championships1stApr 25, 2019 - Apr 28, 2019"
103,50.85,JAMES HILL-ALSTONPhiladelphia Striders,2019,"1st State Outdoor Track Classic3rdJun 1, 2019"
104,50.87,JAHMIR CARTERCoatesville,2020,"Coatesville vs Downingtown West3rdApr 30, 2019"
105,50.9,ZACH DELONEDowningtown East,2019,"Rustin Invitational1stApr 17, 2019"
106,50.91,ALEXANDER SIATONGreat Valley,2020,"12th Annual Viking Invitational2ndApr 13, 2019"
107,50.92,DANEAL WILLIAMSCardinal O'Hara,2019,"Boys Delco Championship7thMay 2, 2019 - May 4, 2019"
108,50.95,MICHAEL MORANAnnville-Cleona,2021,"PIAA District 3 AA Championships2ndMay 17, 2019 - May 18, 2019"
108,50.95,JERMEZ HERRINGShikellamy,2019,"PIAA District 4 AA-AAA Championship2ndMay 16, 2019 - May 18, 2019"
108,50.95,MASON BOYDEmmaus,2020,"PIAA T&F State Championships7th PMay 24, 2019 - May 25, 2019"
111,50.97,JUSTIN KAUFMANGovernor Mifflin,2021,"2019 BCIAA Firing Championship3rdMay 9, 2019 - May 11, 2019"
112,50.98,DANILE WESTPAYEBartram High School,2019,"Philadelphia Public League Championships2ndMay 8, 2019 - May 9, 2019"
112,50.98,LIAM MCCOOLPennridge,2020,"SOL Continental Conference Championships4thMay 10, 2019 - May 11, 2019"
114,51.01,ERIC ZIMMERMANMifflinburg,2019,"Jim Taylor High School Classic (formerly Susq.HS Classic)2ndApr 13, 2019"
114,51.01,JALEN SAMPSONChurch Farm School,2021,"PIAA District 1 AA Championships3rd PMay 17, 2019 - May 18, 2019"
114,51.01,DON HAREBeaver Area,2019,"PIAA District 7 (WPIAL) AAA Championships7thMay 16, 2019"
117,51.02,JAMES ALSTON HILLThe Promise Academy @ West Philadelphia,2019,"Lower Merion Invitational4thMay 4, 2019"
118,51.03,COLLIN NEYHaverford Township HS,2020,"Haverford vs Conestoga vs Penncrest1stApr 22, 2019"
119,51.05,RYAN HANNIGANCentral Bucks West,2019,"Helman Memorial Invitational4thMay 2, 2019"
119,51.05,JACKSON YANICHSusquehanna Township,2020,"PIAA District 3 AAA Championships12thMay 17, 2019 - May 18, 2019"
121,51.06,MARQUISE FIELDSChester Cheetahs,2021,"City of Wilmington Youth Invite2ndJun 9, 2019"
121,51.06,TERRANCE JONESWilliam Allen,2019,"EPC/Colonial Conference Championships3rdMay 7, 2019 - May 8, 2019"
123,51.07,ABE KOZLOFFGeneral McLane,2019,"22nd Annual LHU High School Classic1stApr 27, 2019"
123,51.07,DERIAN STIANCHETamaqua Area,2019,"Schuylkill League Track and Field Championships1stMay 7, 2019 - May 8, 2019"
125,51.08,JEREMY KAPPELGreensburg Salem,2019,"PIAA District 7 (WPIAL) AAA Championships8thMay 16, 2019"
126,51.11,ANDRE CORBINNew Castle,2019,"PIAA District 7 (WPIAL) AAA Championships9thMay 16, 2019"
127,51.13,NASIR MCCRAE-DIXONMotivation High School,2019,"Philadelphia Public League Championships3rdMay 8, 2019 - May 9, 2019"
127,51.13,IAN BROWNNorwin,2021,"Butler Invitational - 55th Annual6thApr 18, 2019"
129,51.14,NATHANIEL BAKERThe Athletes Academy,,"AAU Junior Olympic Games44th PJul 27, 2019 - Aug 3, 2019"
130,51.15,SAM MAGERNorth Catholic,2019,"TSTCA Outdoor Championship2ndApr 13, 2019"
131,51.16,NATHANIEL MAXWELLEverett Area,2019,"PIAA District V Championship Meet1stMay 15, 2019"
131,51.16,BILAL WEIDLERSusquehanna Township,2021,"Mid Penn Championship7thMay 11, 2019"
133,51.17,COLIN ALTHOFFSolanco,2020,"Lebanon-Lancaster League Championship3rdMay 10, 2019 - May 11, 2019"
133,51.17,JORDAN MORSEGreater Norristown T and F,2021,"AAU Region-02 National Qualifier7thJun 28, 2019 - Jun 30, 2019"
135,51.18,JACK BUSHEpiscopal Academy,2019,"Episcopal Academy v Haverford School v Agnes Irwin v Baldwin Sch2ndApr 30, 2019"
136,51.19,GUINNESS BROWNButler,2022,"46th Annual Baldwin Invitational4thMay 3, 2019"
136,51.19,SALEEM THOMASHarry S Truman,2020,"Hoka One One John Hay Pennsylvania Distance Festival5thMay 31, 2019"
138,51.2,LUKE O'MALLEYRadnor,2020,"Upper Darby v Penncrest v Radnor1stMar 27, 2019"
138,51.2,BLAKE LAUPERCanon-McMillan,2021,"PIAA District 7 (WPIAL) AAA Championships10thMay 16, 2019"
140,51.21,YORBI GOMEZReading,2019,"PIAA District 3 AAA Championships14thMay 17, 2019 - May 18, 2019"
141,51.23,JACK BALICKAbington Friends,2019,"Neshaminy Invitational3rdMay 4, 2019"
142,51.26,LOGAN WILLIAMSHomer Center,2019,"PIAA District 6 AA Championships2ndMay 15, 2019"
142,51.26,RAAR CORINALDIHill-Freedman World Academy,2020,"Philadelphia Public League Championships4thMay 8, 2019 - May 9, 2019"
144,51.27,AMIR SHIELDSNortheast HS,2020,"PIAA District 12 AAA Championships5thMay 15, 2019 - May 16, 2019"
144,51.27,JARRETT GANDYTrinity (7),2019,"PIAA District 7 (WPIAL) AAA Championships11thMay 16, 2019"
146,51.31,LUKE FEHRMANCentral Bucks West,2019,"Quakertown at CB West2ndApr 30, 2019"
146,51.31,BRYCE COOPERWest Chester Track Club,,"AAU Mid-Atlantic District Qualifier2ndJun 14, 2019 - Jun 16, 2019"
146,51.31,JAKOB SMOLINSKYEmmaus,2020,"EPC/Colonial Conference Championships4thMay 7, 2019 - May 8, 2019"
149,51.33,LUKE EISSLERPennridge,2019,"Pirate Invitational 2019 (PPD from 3/23)2ndApr 18, 2019"
150,51.34,JAKE GORMANRinggold,2020,"46th Annual Baldwin Invitational5thMay 3, 2019"
150,51.34,NOAH CLICKETTAvonworth / Northgate,2019,"Pine-Richland Invitational6thMay 3, 2019"
152,51.37,NATE COOPERChambersburg,2021,"Chambersburg vs Cumberland Valley1stApr 16, 2019"
152,51.37,CHRISTIAN TEMPLINGarnet Valley,2020,"Boys Delco Championship6th PMay 2, 2019 - May 4, 2019"
154,51.39,MATT STOUTMillersburg,2019,"PIAA District 3 AA Championships3rdMay 17, 2019 - May 18, 2019"
155,51.4,MARINO BUBBABangor Area,2020,"EPC/Colonial Conference Championships2ndMay 7, 2019 - May 8, 2019"
155,51.4,RYAN HARTBermudian Springs,2020,"PIAA District 3 AA Championships4thMay 17, 2019 - May 18, 2019"
157,51.42,JACK KRUGBrookville Area,2021,"Redbank Invitational2ndMay 9, 2019"
157,51.42,NORBERTO ALICEACentral Dauphin,2020,"Mid Penn Championship9thMay 11, 2019"
159,51.43,DORIAN SINGLETONSouthern Lehigh,2020,"EPC/Colonial Conference Championships3rdMay 7, 2019 - May 8, 2019"
160,51.44,BRYCE COOPERWest Chester Henderson,2017,"1st State Outdoor Track Classic2ndJun 1, 2019"
161,51.45,SILAS WHARTONNorristown,2020,"Pioneer Athletic Conference Championship4thMay 10, 2019 - May 11, 2019"
161,51.45,HAYDYN ZAGORSKIFleetwood Area,2019,"2019 BCIAA Firing Championship4thMay 9, 2019 - May 11, 2019"
163,51.47,C.J BROWNCoatesville,2019,"Rustin Invitational4thApr 17, 2019"
163,51.47,LAMARRE JEANChurch Farm School,2020,"14th Annual Hoka One One Henderson Invitational12thMay 3, 2019"
165,51.48,JARETT ZELINSKYHoly Ghost Preparatory School,2019,"Church Farm at Holy Ghost Prep1stApr 1, 2019"
165,51.48,ALEX VEITHFriends' Central,2020,"14th Annual Hoka One One Henderson Invitational13thMay 3, 2019"
165,51.48,JACOB PORTERNorth Allegheny,2022,"PIAA District 7 (WPIAL) AAA Championships13thMay 16, 2019"
168,51.49,COLIN LEONARDWest Chester Henderson,2019,"Warrior Invitational4thApr 12, 2019"
169,51.5,CAMERON TENNISWellsboro Area,2019,"Northern Tier League School Championships1stMay 10, 2019"
170,51.51,ELIAS ZAJICEKChartiers Valley,2019,"West Mifflin Last Chance Meet2ndMay 7, 2019"
170,51.51,JORDAN PHIRIThomas Jefferson,2019,"46th Annual Baldwin Invitational7thMay 3, 2019"
172,51.52,BURTON CARBINOHoly Ghost Preparatory School,2019,"Bristol, Calvary Christian at Holy Ghost Prep1stApr 29, 2019"
172,51.52,JAMIE MILLERNorristown,2021,"Pioneer Athletic Conference Championship5thMay 10, 2019 - May 11, 2019"
174,51.54,CODY REDDICKButler,2019,"PIAA District 7 (WPIAL) AAA Championships14thMay 16, 2019"
175,51.55,SAMUEL HYDROJim Thorpe Area,2019,"Schuylkill League Track and Field Championships2ndMay 7, 2019 - May 8, 2019"
175,51.55,TREVOR NAMANPittsburgh Central Catholic,2020,"TSTCA Outdoor Championship3rdApr 13, 2019"
175,51.55,DIONTAE BARBOURChambersburg,2019,"Chambersburg vs Cumberland Valley3rdApr 16, 2019"
175,51.55,WILLIAM BYERSSpring Ford,2019,"Pioneer Athletic Conference Championship6thMay 10, 2019 - May 11, 2019"
175,51.55,CHRIS BELZRadnor,2021,"Boys Delco Championship10th PMay 2, 2019 - May 4, 2019"
180,51.56,LORENZO VALENTIBlue Mountain,2021,"Schuylkill League Track and Field Championships3rdMay 7, 2019 - May 8, 2019"
180,51.56,KADEN SCHERERKarns City,2021,"Redbank Invitational3rdMay 9, 2019"
180,51.56,JEREMNY KOHNPerkiomen Valley,2020,"Pioneer Athletic Conference Championship7thMay 10, 2019 - May 11, 2019"
183,51.57,JONAH POWELLGrove City Area,2019,"2019 Franklin Track & Field Invitational2ndApr 13, 2019"
183,51.57,MICHAEL BOSWORTHBradford Area,2019,"Altoona Mt. Lion Track & Field Classic (Large Schools) AAA2ndMay 3, 2019"
183,51.57,EAN CHELAKMarian Catholic,2021,"Schuylkill League Track and Field Championships4thMay 7, 2019 - May 8, 2019"
186,51.59,SEAN JONESEpiscopal Academy,2022,"Boys Delco Championship11th PMay 2, 2019 - May 4, 2019"
187,51.6,ALEX GORDONSewickley Academy,2019,"PIAA District 7 (WPIAL) AA Championships4thMay 16, 2019"
188,51.61,NOAH LANOUETTEConestoga,2020,"Haverford vs Conestoga vs Penncrest2ndApr 22, 2019"
188,51.61,BILLY DELBAUGHShamokin Area,2021,"PHAC Track and Field Championships 20194thMay 11, 2019"
190,51.64,MALCOLM GARBUTTUnattached Club,2021,"GA 2019 All-Comers Track & Field Meet Series #33rdJul 2, 2019"
191,51.65,MICAH GLUSFairview,2020,"PIAA District 10 Class AA Championships3rdMay 18, 2019"
192,51.66,CALEB BLAIRWaynesburg Central,2019,"PIAA District 7 (WPIAL) AA Championships5thMay 16, 2019"
193,51.67,NICKOLAS WHITEWilliam Allen,2020,"PIAA District XI AAA Championship4thMay 15, 2019 - May 16, 2019"
193,51.67,QUADIR THOMASBeaver Falls,2022,"PIAA District 7 (WPIAL) AA Championships6thMay 16, 2019"
193,51.67,JAMES HUBERNorth Allegheny,2020,"46th Annual Baldwin Invitational8thMay 3, 2019"
193,51.67,BRYCE KURPIELGreensburg Central Catholic,2019,"Pine-Richland Invitational9thMay 3, 2019"
197,51.68,ELLIOT ROSTLigonier Valley,2019,"United Invitational2ndApr 6, 2019"
197,51.68,JOSENLLY MARTINEZPenn Manor,2021,"Lebanon-Lancaster League Championship4thMay 10, 2019 - May 11, 2019"
197,51.68,DAMIEN ARESSouthern Columbia Area,2019,"PIAA District 4 AA-AAA Championship4thMay 16, 2019 - May 18, 2019"
197,51.68,BODEE STONEBRAKERConnellsville,2019,"PIAA District 7 (WPIAL) AAA Championships17thMay 16, 2019"
201,51.69,ANDREW WOOLERYPenncrest,2020,"Lower Merion vs Marple Newtown, Strath Haven, Penncrest1stApr 10, 2019"
201,51.69,ANDREW ROONEYMount Carmel Area,2020,"Jim Taylor High School Classic (formerly Susq.HS Classic)3rdApr 13, 2019"
201,51.69,NICHOLAS YEATMANQuakertown,2019,"Helman Memorial Invitational5thMay 2, 2019"
204,51.71,JARED O'CONNELLBensalem,2019,"Bensalem Invitational5thApr 13, 2019"
204,51.71,LUKE HALKONorth Schuylkill,2019,"Schuylkill League Track and Field Championships5thMay 7, 2019 - May 8, 2019"
206,51.72,JUSTIN STRAIGHTUpper Saint Clair,2019,"PIAA District 7 (WPIAL) AAA Championships18thMay 16, 2019"
207,51.73,ROANDY SANCHEZReading,2019,"90th Annual John H. Shaner Memorial Track Meet3rdMay 3, 2019 - May 4, 2019"
208,51.75,DAEGAN STOLTZFUSHempfield (3),2020,"Lebanon-Lancaster League Championship5thMay 10, 2019 - May 11, 2019"
208,51.75,AUSTIN LONGHughesville,2019,"PIAA District 4 AA-AAA Championship5thMay 16, 2019 - May 18, 2019"
208,51.75,NOAH CLICKETTAvonworth,2019,"PIAA District 7 (WPIAL) AA Championships7thMay 16, 2019"
211,51.77,ANDREW DADOWSKIShaler Area,2021,"Pine-Richland Invitational10thMay 3, 2019"
212,51.81,RYAN LINDENBERGState College Area High School,2022,"PIAA District 6 AAA Championships2ndMay 16, 2019"
212,51.81,ETHAN PAXTONFreedom Area (7),2019,"Beaver County Championships3rdApr 25, 2019 - Apr 28, 2019"
214,51.84,MARK CZAJKOWSKIPennsbury,2019,"Council Rock Kiwanis Invitational3rdApr 6, 2019"
215,51.86,DAVON BATTLEPenn Wood,2020,"Knights Invitational4thApr 4, 2019"
216,51.87,RYAN GREENENorth Penn,2020,"Trojan Track Classic6thMay 2, 2019"
216,51.87,NASIR SCOTTHarry S Truman,2021,"Lower Merion Invitational7thMay 4, 2019"
218,51.88,JALEN JONESWesttown School,2019,"Friends League Championships1stMay 11, 2019"
218,51.88,RASHEED THOMASInfinity Track Club,,"AAU Region-02 National Qualifier3rdJun 28, 2019 - Jun 30, 2019"
220,51.9,SEAN JONESThe Athletes Academy,,"AAU Mid-Atlantic District Qualifier4thJun 14, 2019 - Jun 16, 2019"
220,51.9,ERIC GALANTEThe Hill School,2020,"PA Independent School Athletic Association (PAISAA) Championship6thMay 18, 2019"
220,51.9,LARRY BASSCheltenham,2020,"SOL American Conference Championships7thMay 10, 2019 - May 11, 2019"
223,51.91,CODY MCCREDIESusquehannock,2020,"YAIAA Track and Field League Championships3rdMay 10, 2019"
224,51.92,DEVON GREAVESMalvern Prep,2020,"Inter-Ac League Championships4thMay 9, 2019 - May 11, 2019"
224,51.92,CARSON BOGDAAvon Grove,2020,"Rustin Invitational6thApr 17, 2019"
224,51.92,KOLEOLA SONGONUGAStrath Haven,2020,"Boys Delco Championship10thMay 2, 2019 - May 4, 2019"
224,51.92,CALVIN CARVERLower Dauphin,2021,"Mid Penn Championship10thMay 11, 2019"
228,51.93,KEVIN DENNINAbington,2020,"11th Annual Jack Armstrong Invitational Track and Field Meet5thApr 17, 2019"
228,51.93,ANDRE GRAHAMMartin Luther King HS,2020,"PIAA District 12 AAA Championships9thMay 15, 2019 - May 16, 2019"
230,51.94,PAUL MCDONNELLCouncil Rock South,2020,"CR South, Truman @ CR North1stMar 26, 2019"
230,51.94,CALAN TITUSLancaster Catholic,2020,"Lebanon-Lancaster League Championship6thMay 10, 2019 - May 11, 2019"
230,51.94,KENAN KORKUTOVICChambersburg,2021,"Mid Penn Championship11thMay 11, 2019"
233,51.96,MALIK LANGLEYChester,2020,"Caravel Academy Invitational6thApr 13, 2019"
233,51.96,CHINUA SOLOMONAliquippa,2020,"PIAA District 7 (WPIAL) AA Championships8thMay 16, 2019"
235,51.97,RASHEED THOMASMsgr Bonner & Abp Prendergast HS,2021,"Haverford Invitational6thMar 30, 2019"
235,51.97,ANDREW SULLIVANCouncil Rock North,2019,"Helman Memorial Invitational6thMay 2, 2019"
235,51.97,GABRIEL CATONFreedom (11),2020,"PIAA District XI AAA Championship7thMay 15, 2019 - May 16, 2019"
235,51.97,WALTON GARNETTChester Cheetahs,2023,"AAU Junior Olympic Games65th PJul 27, 2019 - Aug 3, 2019"
239,51.98,ANDREW GALARZAHamburg Area,2019,"Sterling Hoffman Track & Field Invitational1stApr 12, 2019"
239,51.98,DAN CORCORANJames Buchanan,2019,"Arctic Blast Invitational2ndApr 13, 2019"
241,51.99,SHAWN MAXWELLUpper Darby,2021,"Central League JV/ Last Chance Meet2ndMay 10, 2019"
242,52.01,BEAU LANTOSHWilson Area (11),2020,"PIAA District XI AAA Championship8thMay 15, 2019 - May 16, 2019"
243,52.02,NOAH STRAUSBAUGHNew Oxford,2020,"YAIAA Track and Field League Championships4thMay 10, 2019"
243,52.02,GEORGE OKYNEUpper Darby,2021,"Warrior Invitational6thApr 12, 2019"
245,52.04,KELLAN GUINN-BAILEYMilton Area,2019,"Purple & White Invitational4thMay 3, 2019"
245,52.04,BRADEN WARDMontour,2020,"PIAA District 7 (WPIAL) AAA Championships19thMay 16, 2019"
247,52.05,MICHAEL BRACHBensalem,2019,"Neshaminy Invitational5thMay 4, 2019"
247,52.05,ANTONIO CAMPBELLPenn Wood,2019,"Boys Delco Championship14th PMay 2, 2019 - May 4, 2019"
249,52.06,JEREMIAH KNIGHTNorthern,2019,"Arctic Blast Invitational3rdApr 13, 2019"
250,52.08,CAMARI STOCKERCoatesville,2019,"Coatesville vs. Downingtown East1stApr 2, 2019"
250,52.08,JAMES CARRUBBAWallenpaupack,2021,"PIAA District 2 AAA Championship3rdMay 16, 2019"
252,52.1,CHRISTIAN TEMPLINWhirlwinds Track Club,,"AAU Mid-Atlantic District Qualifier16thJun 14, 2019 - Jun 16, 2019"
253,52.11,TAAHIR BLOODWORTHGirard College HS,2019,"Penn Jersey League Meet 22ndMay 2, 2019"
253,52.11,JOEY SCALZOEaston Area,2020,"PIAA District XI AAA Championship9thMay 15, 2019 - May 16, 2019"
255,52.13,TREVOR FRANEKClearfield Area,2020,"Altoona Mt. Lion Track & Field Classic (Large Schools) AAA3rdMay 3, 2019"
255,52.13,DYSON WEAVERMillersburg,2020,"PIAA District 3 AA Championships6thMay 17, 2019 - May 18, 2019"
255,52.13,HERNAN ESPINALWilliam Allen,2019,"PIAA District XI AAA Championship10thMay 15, 2019 - May 16, 2019"
258,52.15,THOMAS PIDGEONLakeland,2019,"The Robert Spagna Championship3rdMay 7, 2019"
258,52.15,GIANKIRK KIMMELLPottstown,2019,"Pioneer Athletic Conference Championship8thMay 10, 2019 - May 11, 2019"
260,52.16,DARIEL GARCIA NUNEZReading,2022,"2019 BCIAA Firing Championship6thMay 9, 2019 - May 11, 2019"
260,52.16,TRAVIS BIGHAMShippensburg,2021,"31st Annual Stan Morgan Invitational at Carlisle7thMay 4, 2019"
262,52.18,BEN SEIDELBishop McCort,2019,"PIAA District 6 AA Championships3rdMay 15, 2019"
262,52.18,CARRISSON HOOKSHaverford Township HS,2020,"Haverford Invitational7thMar 30, 2019"
264,52.2,ISAIAH HILLNorth Penn,2019,"Knights Invitational5thApr 4, 2019"
265,52.21,SHAWN PEIFFERHarry S Truman,2022,"Mid-Atlantic International Youth Qualifier1stJun 22, 2019"
265,52.21,TYREK SCIPIOBangor Area,2019,"EPC/Colonial Conference Championships5thMay 7, 2019 - May 8, 2019"
267,52.22,DON HILLNeshaminy,2020,"Neshaminy Invitational6thMay 4, 2019"
268,52.23,THOMAS VIENSDallastown,2019,"Keystone Cup @ Gov. Mifflin1stApr 18, 2019"
268,52.23,TATE PRUDISHCentral Bucks South,2020,"SOL Continental Conference Championships9thMay 10, 2019 - May 11, 2019"
268,52.23,AHMAD ADEDOKUNPerkiomen Valley,2020,"Pioneer Athletic Conference Championship9thMay 10, 2019 - May 11, 2019"
271,52.24,XAVIER RITCHIECamp Hill,2019,"Arctic Blast Invitational4thApr 13, 2019"
271,52.24,TRYSTAN BECKETTBensalem,2020,"Benaslem @ Neshaminy4thMay 7, 2019"
271,52.24,THOMAS GREENNorth Penn,2020,"Knights Invitational7thApr 4, 2019"
271,52.24,ALDE-SHAIN JONESGeorge Washington HS,2019,"PIAA District 12 AAA Championships10thMay 15, 2019 - May 16, 2019"
275,52.25,ANDREW BUSSLower Moreland,2019,"Bicentennial Athletic League Championships2ndMay 8, 2019 - May 9, 2019"
275,52.25,OTHELLO ADJEPONGSt Luke Spirit,2017,"AAU Region-02 National Qualifier4thJun 28, 2019 - Jun 30, 2019"
277,52.26,NOAH FLAHERTYSharpsville Area,2020,"Mercer County Track and Field Invitational1stMay 9, 2019"
277,52.26,TYLER DALEYWest Chester East,2019,"West Chester East vs. Avon Grove3rdApr 29, 2019"
277,52.26,JOEY ZALADONISNotre Dame Green Pond,2019,"EPC/Colonial Conference Championships6thMay 7, 2019 - May 8, 2019"
280,52.27,JUSTIN WARRNorth East,2019,"PIAA District 10 Class AA Championships4thMay 18, 2019"
281,52.28,BRANDON VARGOWyomissing Area,2022,"Berks Catholic at Wyomissing1stApr 23, 2019"
281,52.28,JACOB REEDERMontoursville Area,2020,"PHAC Track and Field Championships 20196thMay 11, 2019"
281,52.28,JARED ZEIGERHaverford Township HS,2019,"Bullis Bulldog Invitational23rdApr 13, 2019"
284,52.29,ANDREW SCHNEIDERStroudsburg,2019,"Cavalier Invitational1stApr 30, 2019"
284,52.29,SHANE ROSENCRANSMid Valley Sr. High School,2019,"PIAA District 2 AA Championship2ndMay 15, 2019"
284,52.29,DREW GALLENWest Chester Rustin,2021,"Ches-Mont Championship5thMay 8, 2019"
287,52.3,JACK MIESZKALSKIHempfield (3),2020,"Keystone Cup @ Gov. Mifflin2ndApr 18, 2019"
287,52.3,MARCUS CRESPOMahanoy Area,2019,"Schuylkill League Track and Field Championships6thMay 7, 2019 - May 8, 2019"
289,52.32,AUSTIN WADE-WOODSSolanco,2020,"Lebanon-Lancaster League Championship8thMay 10, 2019 - May 11, 2019"
290,52.33,ROBERT SASSAMANNeshaminy,2021,"Benaslem @ Neshaminy5thMay 7, 2019"
290,52.33,BRYCE COOPEREpiscopal Academy,2022,"PA Independent School Athletic Association (PAISAA) Championship8thMay 18, 2019"
290,52.33,SAMIR NEALRidley,2019,"Rustin Invitational9thApr 17, 2019"
290,52.33,DA'AVIONCE RODRIGUEZJ.P. McCaskey,2020,"14th Annual Hoka One One Henderson Invitational18thMay 3, 2019"
294,52.34,ARDONNTRELL WILLIAMSBallistic Response Athletics,2019,"Hoka One One John Hay Pennsylvania Distance Festival8thMay 31, 2019"
295,52.35,KALEB SMOUSELaurel Highlands,2020,"West Mifflin Last Chance Meet6thMay 7, 2019"
295,52.35,MICHAEL KRAUSEBishop Shanahan,2020,"Ches-Mont Championship6thMay 8, 2019"
295,52.35,LANDON JORDANWest Mifflin,2019,"TSTCA Outdoor Championship7thApr 13, 2019"
298,52.36,BRADEN COTTMontoursville Area,2019,"PIAA District 4 AA-AAA Championship7thMay 16, 2019 - May 18, 2019"
298,52.36,OTHELLO ADJEPONGAcademy at Palumbo,2022,"Lower Merion Invitational9thMay 4, 2019"
300,52.38,OWEN MAHONWilliamsport Area,2020,"Danville at Williamsport2ndMay 1, 2019"
300,52.38,ILLANZO FELICIANOYork Suburban,2019,"YAIAA Track and Field League Championships5thMay 10, 2019"
300,52.38,ETHAN NOLANNeshaminy,2019,"Benaslem @ Neshaminy6thMay 7, 2019"
300,52.38,JACOBE SANDCROFTPlymouth Whitemarsh,2019,"11th Annual Jack Armstrong Invitational Track and Field Meet8thApr 17, 2019"
304,52.39,SAM WILSONEpiscopal Academy,2019,"Germantown Academy vs. Episcopal Academy1stApr 23, 2019"
304,52.39,CHASE BALICKAbington Friends,2019,"Neshaminy Invitational7thMay 4, 2019"
306,52.4,GREG MCDADEDunmore,2019,"PIAA District 2 AA Championship3rdMay 15, 2019"
306,52.4,EVAN KIEFFERNext Level Athletics,2020,"Three Rivers Association Championships3rdJun 22, 2019 - Jun 23, 2019"
308,52.42,DANTE FALASCODelaware County Christian School,2020,"BAL League (NHS-DCC-HGP)1stApr 23, 2019"
309,52.43,JAKE BAKERWest Middlesex,2019,"Mercer County Track and Field Invitational2ndMay 9, 2019"
309,52.43,ISAIAH HOUSERShippensburg,2021,"Mid Penn Championship13thMay 11, 2019"
311,52.46,JACOB ANTONELLOArchbishop Carroll,2019,"Philadelphia Catholic League Outdoor Championships9thMay 11, 2019"
312,52.47,BEN KAMIDEEphrata,2019,"17th Annual Black Knight Invitational7thApr 13, 2019"
312,52.47,NICHOLAS WHITEMt. Airy Track Club,,"AAU Mid-Atlantic District Qualifier19thJun 14, 2019 - Jun 16, 2019"
314,52.48,DEJUAN RUSSELLStrath Haven,2019,"Haverford Invitational8thMar 30, 2019"
314,52.48,RYAN ULRICKCouncil Rock South,2022,"Neshaminy Invitational8thMay 4, 2019"
316,52.49,JOE WACHTMANStrath Haven,2021,"Central League Individual Champs4thMay 8, 2019"
317,52.5,PATRICK O'DONNELLUpper Merion,2020,"Pioneer Athletic Conference Championship10thMay 10, 2019 - May 11, 2019"
318,52.52,NOAH M THOMASFriends' Central,2022,"Friends League Championships3rdMay 11, 2019"
319,52.54,TREY HILLTwin Valley,2019,"2019 BCIAA Firing Championship7thMay 9, 2019 - May 11, 2019"
319,52.54,CADE DUBREEPennridge,2019,"SOL Continental Conference Championships10thMay 10, 2019 - May 11, 2019"
321,52.55,LANDEN WEISCorry Area,2021,"PIAA District 10 Class AA Championships5thMay 18, 2019"
321,52.55,AS'AD BROWNEaston Area,2020,"EPC/Colonial Conference Championships9thMay 7, 2019 - May 8, 2019"
323,52.56,DYLAN SERVISTwin Valley,2019,"Twin Valley vs Reading HS1stApr 23, 2019"
323,52.56,DANIEL SHEFFIELDCumberland Valley,2019,"Shippensburg 93rd Jack Roddick HS Invitational14thApr 20, 2019"
325,52.57,RYAN BONSERPleasant Valley High School,2022,"Cavalier Invitational2ndApr 30, 2019"
325,52.57,JAKE THOMASDevon Preparatory School,2019,"PIAA District 12 AA Championships3rdMay 15, 2019 - May 16, 2019"
325,52.57,SEAN KEARNEYArchbishop Wood,2019,"Montgomery Memorial Track and Field Meet7thMay 2, 2019"
328,52.58,NICOLAS LEISTERConrad Weiser,2022,"Twin Valley Invitational3rdApr 18, 2019"
328,52.58,JOSEPH PIPERGreater Latrobe,2019,"Northern Area Last Chance8thMay 7, 2019"
328,52.58,CALVIN WILLIAMSNortheast HS,2019,"Philadelphia Public League Championships8thMay 8, 2019 - May 9, 2019"
328,52.58,ALEXANDER BORDAHoly Ghost Preparatory School,2020,"Neshaminy Invitational9thMay 4, 2019"
332,52.59,CHIMEZIE AMAEFUNAUpper Merion,2019,"Upper Merion vs Pottsgrove HS1stApr 17, 2019"
332,52.59,JUAN GONGORAMcDowell,2022,"PIAA District 10 Class AAA Championships2ndMay 18, 2019"
332,52.59,JOSEPH GRABILLHollidaysburg Area,2021,"Altoona Mt. Lion Track & Field Classic (Large Schools) AAA4thMay 3, 2019"
335,52.61,RYAN SIGLERSpring Ford,2020,"Pioneer Athletic Conference Championship11thMay 10, 2019 - May 11, 2019"
336,52.62,POWELL POSTENEast Stroudsburg Area South,2019,"Vertical Adventures Decathlon & Heptathlon Meet3rdJun 22, 2019 - Jun 23, 2019"
336,52.62,AIDEN HELLEINElizabethtown Area,2019,"17th Annual Black Knight Invitational8thApr 13, 2019"
336,52.62,AARON WILLIAMSUpper Darby,2020,"Haverford Invitational9thMar 30, 2019"
336,52.62,RAY CROOMSWest Chester East,2019,"Haverford Invitational9thMar 30, 2019"
340,52.63,LOGAN FIRANSKIClearfield Area,2021,"Altoona Mt. Lion Track & Field Classic (Large Schools) AAA5thMay 3, 2019"
341,52.64,TREVOR TUSTINRichland,2020,"Bedford Giant Eagle Invitational1stApr 6, 2019"
341,52.64,ALEX TURNERPenn Charter,2019,"Inter-Ac League Championships5thMay 9, 2019 - May 11, 2019"
343,52.65,EVAN MONGDock Mennonite Academy,2020,"PIAA District 1 AA Championships5th PMay 17, 2019 - May 18, 2019"
343,52.65,HERNAN ESPINALMt. Airy Track Club,2019,"City of Wilmington Youth Invite5thJun 9, 2019"
345,52.66,JOSH SCHREINERHamburg Area,2019,"90th Annual John H. Shaner Memorial Track Meet5thMay 3, 2019 - May 4, 2019"
346,52.67,AKEEL BLAKEPenn Charter,2020,"Penn Charter vs Baldwin, Agnes Irwin, Haverford School1stApr 17, 2019"
347,52.68,OWEN MAHONNittany Track and Field,,"USATF Youth Outdoor Track and Field Championship6th PJun 25, 2019 - Jun 30, 2019"
347,52.68,WILLIAM MALAWICedar Crest,2020,"Lebanon-Lancaster League Championship10thMay 10, 2019 - May 11, 2019"
349,52.7,ALEX JOHNSONTroy,2020,"Northern Tier League School Championships2ndMay 10, 2019"
349,52.7,TYHEEM BAILEYNortheast HS,2020,"Philadelphia Public League Championships10thMay 8, 2019 - May 9, 2019"
351,52.71,JOE BLAHOVECGreensburg Central Catholic,2022,"Norwin Last Chance Meet3rdMay 7, 2019"
351,52.71,NICK RUFFINGDaniel Boone,2019,"2019 BCIAA Firing Championship8thMay 9, 2019 - May 11, 2019"
351,52.71,AHMAD ADEDOKUNAmbler Olympic Club,,"AAU Mid-Atlantic District Qualifier9thJun 14, 2019 - Jun 16, 2019"
354,52.72,EVAN GAUGLERSelinsgrove,2019,"Jim Taylor High School Classic (formerly Susq.HS Classic)4thApr 13, 2019"
355,52.73,MIKE BARBATOWestmont Hilltop,2019,"PIAA District 6 AA Championships4thMay 15, 2019"
355,52.73,MARCUS YEARWOODPalisades,2021,"EPC/Colonial Conference Championships7thMay 7, 2019 - May 8, 2019"
355,52.73,SAMUEL SHALLYAbington Friends,2019,"Helman Memorial Invitational8thMay 2, 2019"
355,52.73,JOE PACHOLSKIMethacton,2019,"Pioneer Athletic Conference Championship12thMay 10, 2019 - May 11, 2019"
359,52.74,NATE SHUTTERCedar Crest,2019,"Lebanon County Championships2ndApr 27, 2019"
359,52.74,OWEN SHIELDSCentral Bucks West,2019,"Quakertown at CB West4thApr 30, 2019"
361,52.75,JUSTIN DOHUpper Dublin,2020,"SOL American Conference Championships9thMay 10, 2019 - May 11, 2019"
361,52.75,ERIC FORDLaSalle College High School,2020,"Hoka One One John Hay Pennsylvania Distance Festival11thMay 31, 2019"
363,52.76,ETHAN ZEHRadnor,2019,"Lower Merion vs Radnor and Springfield2ndApr 3, 2019"
363,52.76,JUSTIN OLIVERPaul Robeson School for Human Services,2021,"PIAA District 12 AA Championships4thMay 15, 2019 - May 16, 2019"
363,52.76,JONATHAN DURHAMUnattached Club,2020,"GA 2019 All-Comers Track & Field Meet Series #34thJul 2, 2019"
366,52.77,ANGEL DANIEL-MORALESSolanco,2019,"Battle for Bridge Invitational4thMay 3, 2019"
366,52.77,DYLAN RIEDELCorry Area,2020,"PIAA District 10 Class AA Championships7thMay 18, 2019"
366,52.77,SAM BEANMars Area,2020,"Northern Area Last Chance9thMay 7, 2019"
366,52.77,ANTWON DAVISJust Do It Track Club,,"AAU Mid-Atlantic District Qualifier20thJun 14, 2019 - Jun 16, 2019"
370,52.78,AZEEZ ADEDOKUNPerkiomen Valley,2019,"Great Valley R. Joseph Kellerman Invitational8thApr 20, 2019"
370,52.78,ANDREW PURDYNew Hope-Solebury,2019,"Helman Memorial Invitational9thMay 2, 2019"
370,52.78,TERRENCE JONESMt. Airy Track Club,,"AAU National Club Championship95th PJul 7, 2019 - Jul 13, 2019"
373,52.79,BOLTON BROWNMilts 4 Life Track Club,2021,"Mid-Atlantic International Youth Qualifier1stJun 22, 2019"
373,52.79,ETHAN ROBINSONDowningtown West,2020,"Vertical Adventures Decathlon & Heptathlon Meet4thJun 22, 2019 - Jun 23, 2019"
373,52.79,JAMES SCHWARTZJim Thorpe Area,2020,"Schuylkill League Track and Field Championships7thMay 7, 2019 - May 8, 2019"
373,52.79,JORDAN THOMASPerkiomen Valley,2019,"Pioneer Athletic Conference Championship13thMay 10, 2019 - May 11, 2019"
377,52.8,RICHARD HRUSOVSKYPalmerton Area,2019,"ASD Invitational3rdApr 18, 2019"
377,52.8,URIAH BAILLIECanton Area,2020,"Northern Tier League School Championships3rdMay 10, 2019"
377,52.8,ZEKE HOUSERNorwin,2019,"46th Annual Baldwin Invitational15thMay 3, 2019"
377,52.8,MATT REDONDO-LOPESStroudsburg,2021,"PIAA District XI AAA Championship15thMay 15, 2019 - May 16, 2019"
381,52.81,MALCOLM FOLKEpiscopal Academy,2021,"Episcopal Academy v Springside Chestnut Hill Academy1stApr 17, 2019"
381,52.81,JACOB PORTERNadia TC,,"Three Rivers Association Championships2ndJun 22, 2019 - Jun 23, 2019"
381,52.81,NOAH BERNARDINGMeadville Area,2020,"PIAA District 10 Class AAA Championships3rdMay 18, 2019"
381,52.81,DYMIERE STEVENSONChester,2022,"Great Valley R. Joseph Kellerman Invitational9thApr 20, 2019"
381,52.81,JULIAN SAUNDERSBoyertown,2021,"Hoka One One John Hay Pennsylvania Distance Festival12thMay 31, 2019"
381,52.81,NOAH HEWESOxford Area,2019,"14th Annual Hoka One One Henderson Invitational22ndMay 3, 2019"
387,52.82,TREYVON EISWERTHWilliamsport Area,2021,"PHAC North 9-10 Meet1stMay 4, 2019"
387,52.82,D'ANGELO DEERINGSchuylkill Haven Area,2019,"Schuylkill League Track and Field Championships8thMay 7, 2019 - May 8, 2019"
389,52.83,ABRAHAM CONTEHMilton Hershey,2020,"Tim Cook Memorial Invitational4thMar 30, 2019"
389,52.83,JOSIAH WIGGINSLower Moreland,2019,"Hoka One One John Hay Pennsylvania Distance Festival13thMay 31, 2019"
391,52.84,ILYAS CLOUSEMercersburg Academy,2019,"Antrim Way Honda Rt. 16 Last Chance Invite1stMay 6, 2019"
391,52.84,JOEY GANTPennridge,2022,"Explorers Invitational6thApr 12, 2019"
391,52.84,JAWAN RODRIGUEZBartram High School,2019,"Philadelphia Public League Championships11thMay 8, 2019 - May 9, 2019"
394,52.85,DALTON BIICHLEWilliamsport Area,2019,"PIAA District 4 AA-AAA Championship4thMay 16, 2019 - May 18, 2019"
394,52.85,STEFAN LEITZELMidd-West High School,2021,"PIAA District 4 AA-AAA Championship8thMay 16, 2019 - May 18, 2019"
396,52.86,MITCHELL CHUNTAForest Hills,2019,"Altoona Mt. Lion Track & Field Classic (Small Schools) AA5thMay 3, 2019"
397,52.87,JOHN-ROSS FLOWERSDelco Stallions TC,2021,"UAGTCA 2019 Outdoor Championship Meet2ndJun 1, 2019"
397,52.87,MONTEZ NEWSOMEWestinghouse 6-12,2019,"West Mifflin Last Chance Meet7thMay 7, 2019"
399,52.88,SAM SEYFRIEDNorthwestern Lehigh,2019,"EPC/Colonial Conference Championships8thMay 7, 2019 - May 8, 2019"
399,52.88,PETER ERNSTSouderton Area,2020,"Helman Memorial Invitational10thMay 2, 2019"
399,52.88,RICHARD DENNISQuakertown,2019,"SOL Continental Conference Championships11thMay 10, 2019 - May 11, 2019"
399,52.88,MATTHEW HILARZEWSKICarlynton,2019,"Butler Invitational - 55th Annual16thApr 18, 2019"
403,52.89,HENRY ROGERSMontrose,2021,"Doug Quinney Invite3rdApr 13, 2019"
403,52.89,KEAGAN KRATZKECentral Bucks West,2021,"SOL Continental Conference Championships12thMay 10, 2019 - May 11, 2019"
405,52.9,BRENDAN ANDERSONMount Lebanon,2022,"TSTCA Outdoor Championship9thApr 13, 2019"
406,52.91,MAX HURLEMANWyomissing Area,2020,"PIAA District 3 AA Championships7thMay 17, 2019 - May 18, 2019"
406,52.91,VERNON REDDAliquippa,2021,"PIAA District 7 (WPIAL) AA Championships11thMay 16, 2019"
408,52.92,JAYDEN BROWNECouncil Rock South,2020,"S.O.L. National Conference Championships8thMay 10, 2019 - May 11, 2019"
408,52.92,CHASE DIBBLETowanda,2019,"PIAA District 4 AA-AAA Championship9thMay 16, 2019 - May 18, 2019"
410,52.93,GRIFFIN SCHLEGELTwin Valley,2020,"16th Annual Unionville Invitational2ndApr 27, 2019"
410,52.93,LINKIN NICHOLSDuBois Central Catholic High School,2020,"Redbank Invitational4thMay 9, 2019"
410,52.93,TREVOR MELTONAmbler Olympic Club,,"AAU Mid-Atlantic District Qualifier21stJun 14, 2019 - Jun 16, 2019"
413,52.94,AIDAN REGANGeneral McLane,2021,"PIAA District 10 Class AAA Championships4thMay 18, 2019"
413,52.94,DONALD ROBSONDowningtown East,2022,"14th Annual Hoka One One Henderson Invitational25thMay 3, 2019"
415,52.95,NATHAN GRUCELSKIConestoga Valley,2019,"Shippensburg 93rd Jack Roddick HS Invitational17thApr 20, 2019"
416,52.97,CONNOR STUARTDaniel Boone,2021,"2019 BCIAA Firing Championship10thMay 9, 2019 - May 11, 2019"
416,52.97,ANTHONY D'ORAZIOArchbishop Carroll,2019,"Philadelphia Catholic League Outdoor Championships11thMay 11, 2019"
416,52.97,ZACK RITZRidley,2019,"Boys Delco Championship18th PMay 2, 2019 - May 4, 2019"
416,52.97,JADIN LUGOLehigh Valley Elite TC,,"AAU Mid-Atlantic District Qualifier22ndJun 14, 2019 - Jun 16, 2019"
420,52.99,NICO CORONELMarple Newtown,2021,"Central League JV/ Last Chance Meet4thMay 10, 2019"
421,53.01,CHASE BELSTERLINGFort Cherry,2021,"Rock Relays1stApr 20, 2019"
421,53.01,LUKE OWREYGrove City Area,2019,"PIAA District 10 Class AA Championships8thMay 18, 2019"
423,53.02,JONAH RUSCHAKValley Speedsters,2020,"Three Rivers Association Championships4thJun 22, 2019 - Jun 23, 2019"
423,53.02,ISMEAL AMERICAINDelco Stallions TC,,"City of Wilmington Youth Invite6thJun 9, 2019"
423,53.02,CADE GRATZMILLERButler,2019,"TSTCA Outdoor Championship10thApr 13, 2019"
423,53.02,MASON SMELANDPalisades,2021,"EPC/Colonial Conference Championships10thMay 7, 2019 - May 8, 2019"
427,53.03,MATTHEW TOMAINEScranton Preparatory School,2020,"PIAA District 2 AA Championship4thMay 15, 2019"
427,53.03,CHRISTIAN GIBBONSGirard,2020,"PIAA District 10 Class AA Championships9thMay 18, 2019"
427,53.03,MANNY RODRIQUEZBishop McDevitt,2020,"31st New Balance Pan-Ram Invitational10thApr 13, 2019"
427,53.03,ETHAN KENNEDYSaucon Valley,2020,"EPC/Colonial Conference Championships11thMay 7, 2019 - May 8, 2019"
427,53.03,COLBY SWARTZCumberland Valley,2020,"Mid Penn Championship15thMay 11, 2019"
427,53.03,TREVON WILLIAMSMt. Airy Track Club,2020,"AAU Mid-Atlantic District Qualifier23rdJun 14, 2019 - Jun 16, 2019"
433,53.04,JOSEPH HENNESSYDowningtown East,2021,"Ches-Mont Championship8thMay 8, 2019"
434,53.05,RYAN LEENorth Penn,2020,"SOL Continental Conference Championships13thMay 10, 2019 - May 11, 2019"
434,53.05,TANNER STEWARTCanon-McMillan,2020,"Dick Dei Classic16thApr 13, 2019"
436,53.06,JACHIN MAPILYCentral Bucks East,2019,"Council Rock Kiwanis Invitational6thApr 6, 2019"
436,53.06,BRETT NORTHEIMERConestoga,2020,"Central League Individual Champs6thMay 8, 2019"
436,53.06,AARON STEVENSONPhiladelphia Striders,,"1st State Outdoor Track Classic7thJun 1, 2019"
439,53.08,STANLEY HAMILTONState College Area High School,2019,"State College @ Carlisle2ndApr 16, 2019"
439,53.08,IAN PAULShamokin Area,2021,"PIAA District 4 AA-AAA Championship5thMay 16, 2019 - May 18, 2019"
439,53.08,JOSEPH HENRYSouth Fayette High School,2021,"West Mifflin Last Chance Meet8thMay 7, 2019"
442,53.1,SETH HOFFRITZGreat Valley,2019,"Chesmont American Division Super Meet3rdApr 3, 2019 - Apr 10, 2019"
442,53.1,AJANI KNOWLESChurch Farm School,2021,"Lower Merion Invitational11thMay 4, 2019"
442,53.1,JULIUS EWUNKENNotre Dame Green Pond,2020,"EPC/Colonial Conference Championships12thMay 7, 2019 - May 8, 2019"
445,53.11,MITCHELL BRETTKutztown Area,2021,"Berks Catholic vs. Kutztown1stApr 16, 2019"
445,53.11,MAX MOYERWyomissing Area,2019,"90th Annual John H. Shaner Memorial Track Meet8thMay 3, 2019 - May 4, 2019"
445,53.11,ORECK FRAZIERAbington,2021,"Jim Kelly Invitational9thMar 30, 2019"
448,53.12,GABRIEL LOCKESpring Ford,2019,"12th Annual Viking Invitational10thApr 13, 2019"
449,53.13,EVAN RIVERAExeter Township,2019,"2019 BCIAA Firing Championship11thMay 9, 2019 - May 11, 2019"
449,53.13,ISAIAH KEYSSun Valley,2020,"Boys Delco Championship20th PMay 2, 2019 - May 4, 2019"
449,53.13,NOAH THOMASInfinity Track Club,,"AAU National Club Championship49th PJul 7, 2019 - Jul 13, 2019"
452,53.14,SAMUEL MCCONNELLHaverford Township HS,2020,"Haverford vs Conestoga vs Penncrest3rdApr 22, 2019"
453,53.15,NICK STAUFFERCocalico,2019,"12th Cy Fritz Open presented by Penn Medicine LGH Sports Med5thApr 26, 2019"
453,53.15,JEFF WANGNorth Penn,2021,"11th Annual Jack Armstrong Invitational Track and Field Meet10thApr 17, 2019"
455,53.16,BRADY DOWELLLoyalsock Township,2021,"22nd Annual LHU High School Classic5thApr 27, 2019"
455,53.16,BRODY HOCKBloomsburg,2021,"PIAA District 4 AA-AAA Championship10thMay 16, 2019 - May 18, 2019"
457,53.17,LUKE WAGNERNadia TC,,"Three Rivers Association Championships5thJun 22, 2019 - Jun 23, 2019"
457,53.17,ALI HAIDERDowningtown West,2020,"Coatesville vs Downingtown West5thApr 30, 2019"
457,53.17,BOLTEN BROWNMilton Hershey,2021,"Mid Penn Championship17thMay 11, 2019"
457,53.17,GARRETT HUGHESBishop McDevitt,2021,"Mid Penn Championship17thMay 11, 2019"
461,53.19,ZAC GALDOGreensburg Salem,2020,"Norwin Last Chance Meet4thMay 7, 2019"
461,53.19,ALEX RENDONSpringfield (Delco),2020,"Central League JV/ Last Chance Meet6thMay 10, 2019"
461,53.19,WILLIAM ANNABLESpring Ford,2019,"Pioneer Athletic Conference Championship14thMay 10, 2019 - May 11, 2019"
461,53.19,NICK HALSTEADDock Mennonite Academy,2020,"14th Annual Hoka One One Henderson Invitational27thMay 3, 2019"
465,53.21,DREW KOCHLERFranklin Area,2025,"PIAA District 10 Class AAA Championships5thMay 18, 2019"
466,53.22,KEVIN COYNESouth Fayette High School,2022,"West Mifflin Last Chance Meet9thMay 7, 2019"
467,53.23,ALEC CARPENTERJersey Shore Area,2020,"PIAA District 4 AA-AAA Championship6thMay 16, 2019 - May 18, 2019"
467,53.23,ANDREW BASILEEaston Area,2020,"Shippensburg 93rd Jack Roddick HS Invitational24thApr 20, 2019"
467,53.23,JOSIAH CHAPMANSpring Ford,2019,"14th Annual Hoka One One Henderson Invitational28thMay 3, 2019"
470,53.24,MATEO VEGASusquehannock,2020,"YAIAA Track and Field League Championships6thMay 10, 2019"
471,53.25,GRAYSON STANLEYRed Land,2020,"31st Annual Stan Morgan Invitational at Carlisle9thMay 4, 2019"
471,53.25,JOSH LUKEHatboro Horsham,2019,"SOL American Conference Championships10thMay 10, 2019 - May 11, 2019"
471,53.25,WILLIAM DEYOUNGBerks Catholic,2021,"2019 BCIAA Firing Championship12thMay 9, 2019 - May 11, 2019"
474,53.26,BROCK SIBBACHCumberland Valley,2020,"Harrisburg vs Cumberland Valley3rdApr 30, 2019"
474,53.26,TRISTEN SHANNONBoiling Springs,2019,"Arctic Blast Invitational6thApr 13, 2019"
474,53.26,JAMES HOOPMANUnionville,2020,"Ches-Mont Championship9thMay 8, 2019"
474,53.26,DEREK DEFREECEGovernor Mifflin,2020,"2019 BCIAA Firing Championship13thMay 9, 2019 - May 11, 2019"
478,53.28,MICAH METRICARTIDelaware County Christian School,2020,"Rustin Invitational12thApr 17, 2019"
479,53.29,HENRY BALLARDState College Area High School,2020,"Harrisburg @ State College1stMay 7, 2019"
480,53.31,RYAN LOCKTOSHGrove City Area,2021,"Butler 9th/10th Grade Invitational2ndApr 25, 2019"
480,53.31,CHRISTIAN KRUSENew Hope-Solebury,2020,"BAL League (NHS-DCC-HGP)3rdApr 23, 2019"
480,53.31,PATRICK GERRITYWilliamsport Area,2021,"PHAC North 9-10 Meet3rdMay 4, 2019"
483,53.32,LUKE STERNICKHempfield Area (7),2019,"Westmoreland County Coaches Association5thApr 27, 2019"
483,53.32,OWEN TOWNSRichland,2019,"PIAA District 6 AA Championships5thMay 15, 2019"
483,53.32,NOAH KIRSCHNorwin,2022,"Butler Invitational - 55th Annual19thApr 18, 2019"
486,53.33,MILES WASHINGTONBedford,2020,"Laurel Highlands Athletic Conference Track & Field Championship3rdMay 7, 2019"
486,53.33,JABRIL ELAMINUnattached Club,,"GA 2019 All-Comers Track & Field Meet Series #36thJul 2, 2019"
488,53.34,LANE COCHRANEUnion City Area,2021,"McDowell Junior Varsity Meet1stMay 2, 2019"
488,53.34,KYLE FRANEKHazleton Area,2019,"PIAA District 2 AAA Championship4thMay 16, 2019"
488,53.34,JOHN MCKINNEYTrinity (3),2024,"31st Annual Stan Morgan Invitational at Carlisle12thMay 4, 2019"
491,53.35,CASEY SPADESouthern Fulton,2019,"PIAA District V Championship Meet2ndMay 15, 2019"
492,53.36,JUSTIN DOHUnattached Club,,"GA 2019 All-Comers Track & Field Meet Series #37thJul 2, 2019"
492,53.36,TYLER PRUDENTELakeland,2019,"The Robert Spagna Championship8thMay 7, 2019"
492,53.36,PAUL NICHOLASCentral Bucks West,2020,"Explorers Invitational9thApr 12, 2019"
492,53.36,AARON REISINGERDallastown,2019,"31st Annual Stan Morgan Invitational at Carlisle13thMay 4, 2019"
492,53.36,RAHFESE FEARSGeorge Washington HS,2021,"PIAA District 12 AAA Championships13thMay 15, 2019 - May 16, 2019"
492,53.36,MILES TUSHPlum,2020,"Pine-Richland Invitational16thMay 3, 2019"
498,53.37,GARRETT TAITPenncrest,2021,"Lower Merion vs Marple Newtown, Strath Haven, Penncrest2ndApr 10, 2019"
498,53.37,ISAAC VALDERRABANODowningtown West,2019,"14th Annual Hoka One One Henderson Invitational30thMay 3, 2019"
500,53.38,TYHIR ROYSTERMidas Track Club,2019,"USATF Three Rivers Developmental Meet1stJun 1, 2019 - Jun 2, 2019"
500,53.38,ANTONIO PITTSPenn Hills Eagles TC,2022,"USATF Three Rivers Developmental Meet1stJun 8, 2019"
500,53.38,OWEN COOPERJames Buchanan,2021,"Mid Penn Championship20thMay 11, 2019"
500,53.38,KYLAN WILLISThe Athletes Academy,,"AAU Mid-Atlantic District Qualifier26thJun 14, 2019 - Jun 16, 2019"
504,53.39,CHRIS STRIKAJim Thorpe Area,2021,"11th Olympian Invite4thMay 3, 2019"
504,53.39,KYLE MACBETHBrookville Area,2021,"PIAA District 9 AAA and AA Championship4thMay 17, 2019"
506,53.4,COLE FRAZIERHickory,2021,"Harbor Creek Track & Field Invitational4thApr 13, 2019"
506,53.4,DYLAN REIDNorth Penn,2020,"Trojan Track Classic7thMay 2, 2019"
508,53.41,WILL FAUNCELaSalle College High School,2020,"Explorers Invitational10thApr 12, 2019"
508,53.41,DENIM ORTIZGateway,2021,"West Mifflin Last Chance Meet10thMay 7, 2019"
508,53.41,ZACHARY IOLIUpper Saint Clair,2019,"West Mifflin Last Chance Meet10thMay 7, 2019"
511,53.42,TREVON TATEErie High School,2020,"20th City of Hermitage Track and Field Invitational5thApr 27, 2019"
512,53.43,JON WALTERCentral Bucks East,2019,"CB East, Souderton at CB West4thApr 16, 2019"
512,53.43,JACKSON MILLERWest York Area,2020,"YAIAA Track and Field League Championships8thMay 10, 2019"
512,53.43,BRENDAN LUONGPenncrest,2020,"PW Colonial Classic10thApr 6, 2019"
515,53.44,CADEN GIORDANOBethlehem Catholic,2019,"Cavalier Invitational5thApr 30, 2019"
515,53.44,NISHAWN JOHNSONChester,2021,"Caravel Academy Invitational12thApr 13, 2019"
517,53.45,JACKSON CRAIGGermantown Friends School,2019,"Friends League Championships5thMay 11, 2019"
517,53.45,AIDAN RAYUnattached Club,,"GA 2019 All-Comers Track & Field Meet Series #38thJul 2, 2019"
517,53.45,RYAN THOMPSONNorristown,2021,"Pioneer Athletic Conference Championship15thMay 10, 2019 - May 11, 2019"
520,53.46,JOSH HAINESLigonier Valley,2020,"PIAA District 6 AA Championships6thMay 15, 2019"
520,53.46,JOHN ROSS FLOWERSAcademy Park,2021,"Haverford Invitational12thMar 30, 2019"
522,53.47,SCOTT BERARDINELLIPortage Area,2021,"Appalachian Invitational2ndApr 13, 2019"
523,53.47,MITCHELL CAMPBELLOxford Area,2020,"Twin Valley Invitational7thApr 18, 2019"
523,53.47,ROBERT LISSNERCarlisle,2020,"18th Bruce Dallas Invitational10thApr 6, 2019"
523,53.47,JAMES BRADYThe Athletes Academy,,"AAU Mid-Atlantic District Qualifier14thJun 14, 2019 - Jun 16, 2019"
526,53.48,MAX THOMPSONKeystone,2019,"PIAA District 9 AAA and AA Championship5thMay 17, 2019"
527,53.49,DAOUD SYLLAUnattached Club,,"GA 2019 All-Comers Track & Field Meet Series #39thJul 2, 2019"
528,53.5,MITCHELL ZEMBOWERBedford,2019,"Bedford Giant Eagle Invitational2ndApr 6, 2019"
528,53.5,PETER BOERTHStrath Haven,2020,"Strath Haven, Harriton @ Radnor2ndApr 23, 2019"
528,53.5,ZACH FRENCHNorthern,2022,"Northern Twilight Invitational2ndMay 6, 2019"
528,53.5,MICHAEL STANPocono Mountain East,2019,"EPC/Colonial Conference Championships13thMay 7, 2019 - May 8, 2019"
528,53.5,LIAM KIERNANPittsburgh Central Catholic,2022,"Pine-Richland Invitational17thMay 3, 2019"
533,53.52,MATTHEW MULLANYSpringfield (Delco),2022,"Boys: Upper Darby v Springfield v Harriton v Haverford5thApr 10, 2019"
534,53.53,JAKOB PETERSONFairview,2020,"PIAA District 10 Class AA Championships11thMay 18, 2019"
535,53.54,NAFIS ZOLLICOFFERParkway West High School,2020,"PIAA District 12 AA Championships5thMay 15, 2019 - May 16, 2019"
536,53.56,DOM MESSANOSolanco,2020,"Leonard Stephan Invitational4thApr 13, 2019"
537,53.57,JAKE CIMINOChartiers Houston,2021,"Washington Greene County Championship4thApr 27, 2019"
537,53.57,ISAAC COLLIER-HARLEYImhotep Institute Charter HS,2020,"PIAA District 12 AA Championships6thMay 15, 2019 - May 16, 2019"
537,53.57,MATT SHEAAllentown Central Catholic,2020,"EPC/Colonial Conference Championships14thMay 7, 2019 - May 8, 2019"
540,53.58,PETER MCDERMOTTWallenpaupack,2019,"PIAA District 2 AAA Championship5thMay 16, 2019"
540,53.58,NOAH KIMLower Moreland,2022,"Montgomery Memorial Track and Field Meet8thMay 2, 2019"
540,53.58,HUNTER TITUSTitusville,2021,"PIAA District 10 Class AA Championships13thMay 18, 2019"
543,53.59,DANIEL MUNROPenncrest,2022,"AAU Junior Olympic Games5thJul 27, 2019 - Aug 3, 2019"
543,53.59,VICTOR ORTIZPottsville Area,2019,"ASD Invitational6thApr 18, 2019"
543,53.59,NATE O'MARAAvonworth / Northgate,2020,"Northern Area Last Chance10thMay 7, 2019"
543,53.59,SAM DEWALTChartiers Houston,2020,"PIAA District 7 (WPIAL) AA Championships13thMay 16, 2019"
547,53.6,JADON RAHMANStallions Youth Track Club,2022,"Three Rivers Association Championships3rdJun 22, 2019 - Jun 23, 2019"
547,53.6,MIKE DIFRANCESCODowningtown West,2020,"Coatesville vs Downingtown West6thApr 30, 2019"
547,53.6,NICK MILLEROctorara,2020,"Twin Valley Invitational8thApr 18, 2019"
547,53.6,BRENNAN GILHOOLMontrose,2019,"Red & Black Invitational11thApr 18, 2019"
547,53.6,SAM SHANNONKiski Area,2019,"46th Annual Baldwin Invitational19thMay 3, 2019"
552,53.61,WESLEY JORDANSpringside Chestnut Hill Academy,2022,"PW Colonial Classic12thApr 6, 2019"
552,53.61,CALEB PADGETTCarlisle,2019,"31st Annual Stan Morgan Invitational at Carlisle17thMay 4, 2019"
554,53.62,AIDEN SESSAMiddletown Area,2019,"17th Annual Black Knight Invitational10thApr 13, 2019"
554,53.62,CURTIS LAKEFrankford,2019,"PIAA District 12 AAA Championships15thMay 15, 2019 - May 16, 2019"
556,53.63,GIOVANNI FUTRELLAltoona Area,2021,"Central Mountain @ Altoona1stApr 9, 2019"
556,53.63,ANTONY AGUILARNew Oxford,2020,"Jim Taylor High School Classic (formerly Susq.HS Classic)7thApr 13, 2019"
558,53.66,BRADEN ADAMSShade HS,2022,"PIAA District V Championship Meet3rdMay 15, 2019"
558,53.66,RYAN TRUAXKarns City,2019,"PIAA District 9 AAA and AA Championship6thMay 17, 2019"
558,53.66,DANIEL DARDENPottstown,2020,"12th Annual Viking Invitational11thApr 13, 2019"
558,53.66,TYSHEEM JOHNSONNeumann Goretti,2021,"Diamond State Relays13thApr 6, 2019"
558,53.66,ANTHONY BILLOPSChichester,2019,"Caravel Academy Invitational14thApr 13, 2019"
558,53.66,KEITH BARRETTPenn Wood,2020,"Bullis Bulldog Invitational34thApr 13, 2019"
564,53.67,JORDIN JONESPenn Wood,2022,"11th Annual Jack Armstrong Invitational Track and Field Meet14thApr 17, 2019"
564,53.67,KEVIN BARNESBoiling Springs,2019,"31st Annual Stan Morgan Invitational at Carlisle18thMay 4, 2019"
564,53.67,ETHAN SULLIVANHershey,2021,"14th Annual Hoka One One Henderson Invitational32ndMay 3, 2019"
567,53.68,DARNEL HOWELLMonessen,2019,"WPIAL Section 8 Championship4thApr 23, 2019"
567,53.68,CHRIS SHAFFERFairfield Area,2020,"PIAA District 3 AA Championships10thMay 17, 2019 - May 18, 2019"
567,53.68,ZACHARY MUHLHAUSEREast Pennsboro Area SD,2019,"Mid Penn Championship21stMay 11, 2019"
570,53.69,BRANDON REEDRiverside (2),2021,"PIAA District 2 AA Championship5thMay 15, 2019"
570,53.69,TUCKER DUNNGeneral McLane,2019,"Erie County Track & Field Classic8thMay 9, 2019"
570,53.69,LUCKIE TANPenn Wood,2022,"Knights Invitational13thApr 4, 2019"
573,53.7,JOHN SCANLONArchbishop Ryan,2020,"Ed Poreda Invitational2ndApr 13, 2019"
573,53.7,JACOB SCHIELPunxsutawney Area,2019,"Punxsutawney vs. Bradford2ndMay 7, 2019"
573,53.7,DAKOTA SCHURINGWilmington,2020,"Mercer County Track and Field Invitational4thMay 9, 2019"
576,53.71,KYLE MCDONOUGHHickory,2019,"Rock Relays3rdApr 20, 2019"
576,53.71,JACK STEPHENSPleasant Valley High School,2020,"EPC/Colonial Conference Championships15thMay 7, 2019 - May 8, 2019"
576,53.71,COLTON ANDERSONWest Greene High School,2020,"46th Annual Baldwin Invitational21stMay 3, 2019"
579,53.72,CHRIS LEENorth Penn,2020,"Knights Invitational14thApr 4, 2019"
580,53.73,BRADEN HEYERNorth Schuylkill,2019,"Tamaqua Blue Raider Invitational5thApr 12, 2019"
580,53.73,DOMINICK GALLARDOOley Valley,2019,"PIAA District 3 AA Championships11thMay 17, 2019 - May 18, 2019"
582,53.74,ROBERT WILSONLincoln High School,2020,"PIAA District 12 AAA Championships16thMay 15, 2019 - May 16, 2019"
583,53.75,NATE WARDGreensburg Central Catholic,2020,"WPIAL Section 8 Championship5thApr 23, 2019"
583,53.75,JACK ETTIENBishop Shanahan,2019,"Shanahan, WCE, Coatesville Tri Meet6thApr 10, 2019"
585,53.76,ANTHONY EDGELLPort Allegany,2020,"North Tier League Invitational1stMay 10, 2019"
586,53.77,LUKE CIOCCAIndiana Area,2020,"Lady Spartan/Wildcat Invitational7thApr 13, 2019"
586,53.77,CARLOS PAREDESUnionville,2020,"Jim Kelly Invitational12thMar 30, 2019"
586,53.77,KASEN BIXLERPalmyra,2022,"Mid Penn Championship22ndMay 11, 2019"
589,53.78,RONAN SERRANOBloomsburg,2022,"PIAA District 4 AA-AAA Championship12thMay 16, 2019 - May 18, 2019"
590,53.8,DEVYN SCIENCEYough,2019,"Norwin Last Chance Meet5thMay 7, 2019"
591,53.81,ROBERT GROVEWest Chester Henderson,2019,"Warrior Invitational11thApr 12, 2019"
591,53.81,DANIEL FREEMANWilliamson,2020,"PIAA District 4 AA-AAA Championship14thMay 16, 2019 - May 18, 2019"
593,53.82,JOHN TANNER LINDSEYHollidaysburg Area,2021,"PIAA District 6 AAA Championships4thMay 16, 2019"
594,53.83,PETER LANTZLewisburg Area,2020,"Lewisburg vs Central Columbia3rdApr 2, 2019"
594,53.83,CHRIS LESHERSouth Western,2022,"Altoona Mt. Lion Track & Field Classic (Large Schools) AAA7thMay 3, 2019"
594,53.83,BRENDAN DONOVANNorth Allegheny,2020,"Northern Area Last Chance11thMay 7, 2019"
594,53.83,JARRETT LYSEKEmmaus,2021,"EPC/Colonial Conference Championships16thMay 7, 2019 - May 8, 2019"
598,53.84,JOEY MARASCODowningtown West,2020,"Whippet Invitational5thApr 6, 2019"
598,53.84,ANTHO BILLOPS JRChester Cheetahs,,"1st State Outdoor Track Classic8thJun 1, 2019"
598,53.84,CHRISTIAN HUSLINHoly Ghost Preparatory School,2022,"Bensalem Invitational9thApr 13, 2019"
598,53.84,LAMAR CLANTONBishop McDevitt,2021,"Trojan Track Classic9thMay 2, 2019"
598,53.84,KHYREE MARSHALLEast Allegheny,2019,"TSTCA Outdoor Championship15thApr 13, 2019"
603,53.85,LUKE COBURNPottsgrove,2020,"Upper Merion vs Pottsgrove HS2ndApr 17, 2019"
603,53.85,OWEN SCOTTThe Hill School,2020,"Episcopal Relays3rdMar 14, 2019"
603,53.85,ZAC KIEFERCranberry,2021,"PIAA District 9 AAA and AA Championship7thMay 17, 2019"
603,53.85,BRANDON FOUSTHarriton,2021,"Lower Merion Invitational14thMay 4, 2019"
607,53.86,ELIAS TAVARESPanther Valley,2020,"PIAA District XI AA Championship5thMay 15, 2019 - May 16, 2019"
608,53.87,ELVIS MORARAManheim Township,2019,"Blue Jay High School Invitational6thApr 20, 2019"
608,53.87,RYAN WHITMANHarbor Creek,2021,"Erie County Track & Field Classic10thMay 9, 2019"
608,53.87,ISMAEL AMERICAINAcademy Park,2019,"Upper Moreland Track Invitational11thApr 12, 2019"
608,53.87,PETER MCHUGHLansdale Catholic,2020,"Philadelphia Catholic League Outdoor Championships12thMay 11, 2019"
608,53.87,JACK SHORTTwin Valley,2019,"2019 BCIAA Firing Championship16thMay 9, 2019 - May 11, 2019"
613,53.89,TATE KESSLERCalvary Christian Academy,2020,"Bristol, Calvary Christian at Holy Ghost Prep2ndApr 29, 2019"
613,53.89,EVAN FRYEBellwood Antis,2020,"PIAA District 6 AA Championships8thMay 15, 2019"
613,53.89,CALEB REEDThe Haverford School for Boys,2020,"WCU Golden Ram High School Invitational10thApr 5, 2019"
613,53.89,KEANU SINGHLoyalsock Township,2021,"PIAA District 4 AA-AAA Championship15thMay 16, 2019 - May 18, 2019"
613,53.89,GLENN NUNEZLouis E. Dieruff,2019,"PIAA District XI AAA Championship19thMay 15, 2019 - May 16, 2019"
618,53.9,TUCKER SMITHCouncil Rock North,2019,"S.O.L. National Conference Championships12thMay 10, 2019 - May 11, 2019"
618,53.9,PAGETTE SYMPSONEast Stroudsburg Area North,2019,"Red & Black Invitational13thApr 18, 2019"
620,53.91,MATTHEW BROWNLebanon,2021,"Lebanon-Lancaster League Championship11thMay 10, 2019 - May 11, 2019"
620,53.91,ISRAEL FONSECAEngineering & Science,2017,"Philadelphia Public League Championships14thMay 8, 2019 - May 9, 2019"
620,53.91,ADONIJAH ALLSUPLower Dauphin,2019,"Mid Penn Championship24thMay 11, 2019"
623,53.92,MASON RIDGWAYMethacton,2019,"Warrior Invitational12thApr 12, 2019"
623,53.92,ERIC JOHNSONFels High School,2022,"PIAA District 12 AAA Championships17thMay 15, 2019 - May 16, 2019"
625,53.93,KABAILA JAMESConwell-Egan,2021,"PIAA District 12 AA Championships7thMay 15, 2019 - May 16, 2019"
625,53.93,MATTHEW WILLIAMSWaynesboro,2020,"Mid Penn Championship25thMay 11, 2019"
627,53.94,GABE FOLTZYork County School of Technology,2019,"Ray Geesey Track and Field Invitational3rdApr 26, 2019"
628,53.95,ANISH PONNADowningtown East,2019,"Downingtown East vs. Avon Grove vs. Downingtown West3rdApr 10, 2019"
628,53.95,MATT VADERSPennridge,2020,"Helman Memorial Invitational14thMay 2, 2019"
628,53.95,VICTOR VELEZReading,2019,"2019 BCIAA Firing Championship17thMay 9, 2019 - May 11, 2019"
628,53.95,JARRETT MOSESMsgr Bonner & Abp Prendergast HS,2019,"Boys Delco Championship23rd PMay 2, 2019 - May 4, 2019"
632,53.96,ELIJAH FORDDowningtown West,2022,"Whippet Invitational7thApr 6, 2019"
632,53.96,ERIC VILLANOMalvern Prep,2020,"Whippet Invitational7thApr 6, 2019"
632,53.96,TANNER MELNYKCentral Cambria HS,2019,"Altoona Mt. Lion Track & Field Classic (Small Schools) AA7thMay 3, 2019"
632,53.96,ISAAC HAMMANSouthern Huntingdon,2020,"PIAA District 6 AA Championships9thMay 15, 2019"
636,53.97,CONNOR THIERRYBethlehem Catholic,2020,"Cavalier Invitational6thApr 30, 2019"
636,53.97,JUSTEN ARRIAGAMarian Catholic,2021,"PIAA District XI AA Championship6thMay 15, 2019 - May 16, 2019"
636,53.97,FREDDIE HAYNESWORTH IVConwell-Egan,2021,"PIAA District 12 AA Championships8thMay 15, 2019 - May 16, 2019"
636,53.97,NAFIS ZOLLICOFFERPhiladelphia Striders,,"1st State Outdoor Track Classic9thJun 1, 2019"
636,53.97,LUCAS HEINTZENSeneca,2021,"PIAA District 10 Class AA Championships15thMay 18, 2019"
641,53.99,BRENDAN ANDERSONMount Lebanon,2022,"Mount Lebanon Invitational1stMar 30, 2019"
641,53.99,CJ COLEMcGuffey,2020,"Big South Championship5thApr 24, 2019"
641,53.99,JOE MESSNERState College Area High School,2019,"Altoona Mt. Lion Track & Field Classic (Large Schools) AAA8thMay 3, 2019"
644,54,HOYT BOWERWarrior Run,2020,"21st Annual Bald Eagle Invite1stApr 22, 2019"
645,54.01,TIMOTHY LINDSTROMSelinsgrove,2020,"PIAA District 4 AA-AAA Championship10thMay 16, 2019 - May 18, 2019"
646,54.02,ANDREW DONLANAltoona Area,2021,"Altoona Mt. Lion Track & Field Classic (Large Schools) AAA9thMay 3, 2019"
646,54.02,BROCK SMITHSeneca,2020,"PIAA District 10 Class AA Championships16thMay 18, 2019"
646,54.02,RAHFEESE FEARSAmbler Olympic Club,,"AAU Mid-Atlantic District Qualifier32ndJun 14, 2019 - Jun 16, 2019"
649,54.03,DOMINIC CAPACIHoly Redeemer High School,2019,"Northwest Rangers Invitational1stApr 12, 2019"
649,54.03,ISAAC POINTERCentral,2019,"Great Valley R. Joseph Kellerman Invitational16thApr 20, 2019"
649,54.03,GAIGE GARCIASouthern Columbia Area,2020,"PHAC Track and Field Championships 201916thMay 11, 2019"
652,54.04,WILL RICECarlisle,2019,"Carlisle vs Cumberland Valley5thApr 23, 2019"
652,54.04,CADEN SMEADSheffield,2020,"PIAA District 9 AAA and AA Championship8thMay 17, 2019"
652,54.04,COLE SMITHOwen J. Roberts,2020,"Whippet Invitational9thApr 6, 2019"
652,54.04,AARON NEWELLWest Chester Henderson,2021,"Warrior Invitational13thApr 12, 2019"
652,54.04,CHRIS BYLERCedar Crest,2020,"31st Annual Stan Morgan Invitational at Carlisle22ndMay 4, 2019"
652,54.04,CAMERON WILSONFox Chapel Area,2021,"46th Annual Baldwin Invitational24thMay 3, 2019"
658,54.05,TIM HORTONWilliam Tennent,2021,"Montgomery Memorial Track and Field Meet9thMay 2, 2019"
658,54.05,NNAMDI OFOEGBUHarry S Truman,2021,"S.O.L. National Conference Championships13thMay 10, 2019 - May 11, 2019"
658,54.05,JACOB SMITHCedar Cliff,2019,"31st Annual Stan Morgan Invitational at Carlisle23rdMay 4, 2019"
661,54.06,TEJ VYASGarnet Valley,2020,"Upper Darby v Lower Merion v Garnet Valley4thApr 23, 2019"
661,54.06,CHRISTOPHER MENDOZAWest Chester East,2020,"Shanahan, WCE, Coatesville Tri Meet8thApr 10, 2019"
663,54.07,GABE WARRINERDallastown,2022,"YAIAA Track and Field League Championships11thMay 10, 2019"
663,54.07,TYLER DENLINGERWarwick,2021,"Lebanon-Lancaster League Championship12thMay 10, 2019 - May 11, 2019"
665,54.08,JOHN SCHIELEPope John Paul II,2019,"Pope John Paul II Dual #31stMay 1, 2019"
666,54.09,KABANU WITHERSPOONGirard College HS,2020,"Penn Jersey League Meet 11stApr 18, 2019"
666,54.09,JERELL AQUINOHatboro Horsham,2019,"Springfield, Upper Dublin, Upper Moreland @ Hatboro Horsham3rdApr 17, 2019"
666,54.09,LUCAS RASHILLALigonier Valley,2019,"United Invitational4thApr 6, 2019"
666,54.09,CANAAN CURRYHaverford Township HS,2020,"Central League JV/ Last Chance Meet7thMay 10, 2019"
666,54.09,KAMERON KLINEMidd-West High School,2019,"Jim Taylor High School Classic (formerly Susq.HS Classic)9thApr 13, 2019"
671,54.11,AIDAN KEARNEYValley View,2021,"The Robert Spagna Championship10thMay 7, 2019"
671,54.11,KARL PRAIZNERRidley,2019,"Haverford Invitational14thMar 30, 2019"
671,54.11,DAELYN NWAOBASIGermantown Academy,2021,"11th Annual Jack Armstrong Invitational Track and Field Meet15thApr 17, 2019"
671,54.11,JORDAN SMITHGirard College HS,2020,"Great Valley R. Joseph Kellerman Invitational17thApr 20, 2019"
675,54.12,NATE PEDOWITZHarriton,2019,"Lower Merion vs Conestoga vs Harriton1stMay 1, 2019"
675,54.12,XAVIER WASHINGTONAmbler Olympic Club,,"AAU Region-02 National Qualifier12thJun 28, 2019 - Jun 30, 2019"
677,54.13,MITCHELL FEYLHoly Ghost Preparatory School,2020,"Bristol, Calvary Christian at Holy Ghost Prep3rdApr 29, 2019"
677,54.13,CASEY DECKHempfield (3),2020,"17th Annual Black Knight Invitational12thApr 13, 2019"
677,54.13,MITCHELL MCGUIRETrinity Christian,2021,"Pine-Richland Invitational23rdMay 3, 2019"
680,54.14,ETHAN KNOEBELSouthern Columbia Area,2019,"Southern Columbia vs Bloomsburg2ndApr 23, 2019"
680,54.14,HOLDEN EMERYCentral Bucks East,2021,"CB East, Souderton at CB West5thApr 16, 2019"
680,54.14,AUSTIN ARNOLDChartiers Houston,2021,"Rock Relays7thApr 20, 2019"
680,54.14,MATTHEW MILLERCentral Bucks East,2019,"Council Rock Kiwanis Invitational8thApr 6, 2019"
680,54.14,JACK FOSTERCentral Bucks West,2021,"SOL Continental Conference Championships17thMay 10, 2019 - May 11, 2019"
680,54.14,CHRISTOPHER DAVISCanon-McMillan,2022,"Butler Invitational - 55th Annual31stApr 18, 2019"
686,54.15,KEAGAN BREWSTERWilkes-Barre Area School District,2019,"James Cross Wilkes-Barre Invite3rdMay 4, 2019"
686,54.15,HUNTER MILLERLakeview,2021,"Mercer County Track and Field Invitational5thMay 9, 2019"
686,54.15,ERIC OBRINGERRinggold,2019,"TSTCA Outdoor Championship17thApr 13, 2019"
689,54.16,GAVIN BROPHYWest Chester Henderson,2022,"Henderson vs. DTE and Shanahan4thApr 29, 2019"
689,54.16,NATE COCCOSouthern Lehigh,2019,"EPC/Colonial Conference Championships13thMay 7, 2019 - May 8, 2019"
689,54.16,AUXENCE MADJOUEWilliam Allen,2020,"EPC/Colonial Conference Championships18thMay 7, 2019 - May 8, 2019"
692,54.17,NOAH COLONParkland,2020,"ASD Invitational8thApr 18, 2019"
692,54.17,ISIAH FUSAROInterboro,2021,"Boys Delco Championship24th PMay 2, 2019 - May 4, 2019"
694,54.18,BRANDON OSSAFort Leboeuf,2020,"PIAA District 10 Class AAA Championships6thMay 18, 2019"
694,54.18,QUINCY HARDISONCentral Dauphin East (CD East),2020,"Mid Penn Championship27thMay 11, 2019"
694,54.18,TEJ VYASWhirlwinds Track Club,,"AAU Mid-Atlantic District Qualifier35thJun 14, 2019 - Jun 16, 2019"
697,54.19,BEN LISTMohawk,2021,"MAC Meet11thApr 24, 2019"
697,54.19,HAYDEN SWINEHARTSouth Williamsport,2022,"PHAC Track and Field Championships 201917thMay 11, 2019"
697,54.19,BRANDON VANSCHAICKGovernor Mifflin,2022,"2019 BCIAA Firing Championship18thMay 9, 2019 - May 11, 2019"
697,54.19,MESSIAH HENDERSONPocono Mountain West,2021,"EPC/Colonial Conference Championships19thMay 7, 2019 - May 8, 2019"
701,54.21,LUKE HEDRICKLower Dauphin,2019,"Keystone Cup @ Gov. Mifflin6thApr 18, 2019"
701,54.21,ISAAC CLARKTunkhannock,2020,"PIAA District 2 AAA Championship6thMay 16, 2019"
703,54.22,JOSEPH DEJESUSWest York Area,2021,"Ray Geesey Track and Field Invitational4thApr 26, 2019"
703,54.22,CAYDEN HESSJersey Shore Area,2022,"PIAA District 4 AA-AAA Championship11thMay 16, 2019 - May 18, 2019"
703,54.22,EDWARD GOMEZBrentwood,2020,"West Mifflin Last Chance Meet12thMay 7, 2019"
706,54.23,FELIX SANDODelco Stallions TC,,"City of Wilmington Youth Invite9thJun 9, 2019"
706,54.23,JOSEPH CHAMOUNDowningtown West,2019,"Whippet Invitational10thApr 6, 2019"
708,54.24,OLIVER LEEDALE-BROWNPenn Charter,2022,"Penn Charter vs Baldwin, Agnes Irwin, Haverford School3rdApr 17, 2019"
708,54.24,NICHOLAS BELCHERBerlin Brothersvalley,2019,"PIAA District V Championship Meet5thMay 15, 2019"
708,54.24,ELI GUNBYGreater Johnstown,2022,"PIAA District 6 AAA Championships6thMay 16, 2019"
708,54.24,BRAYDEN LONGShikellamy,2021,"PIAA District 4 AA-AAA Championship12thMay 16, 2019 - May 18, 2019"
708,54.24,GAVIN RAUHUTBoiling Springs,2022,"31st Annual Stan Morgan Invitational at Carlisle24thMay 4, 2019"
713,54.25,MARIO ORTIZPottsville Area,2022,"Pottsville @ Jim Thorpe2ndApr 10, 2019"
713,54.25,DEVIN NUGENTAbington,2022,"Montgomery Memorial Track and Field Meet10thMay 2, 2019"
713,54.25,JOSH BOROVICHFort Cherry,2020,"15th Annual South Hills Classic12thApr 6, 2019"
713,54.25,ISAIAH EVANSPenn Wood,2020,"Knights Invitational17thApr 4, 2019"
717,54.26,CONNOR KERRWilliamson,2020,"Coudersport Sports Booster Invitational2ndMay 3, 2019"
717,54.26,KASEN BIXLERPalmyra,2022,"Lebanon County Championships4thApr 27, 2019"
719,54.27,TODD PHILLIPSBeaver Area,2020,"20th City of Hermitage Track and Field Invitational8thApr 27, 2019"
719,54.27,RIDGE SPENCERTroy,2021,"PIAA District 4 AA-AAA Championship16thMay 16, 2019 - May 18, 2019"
721,54.29,JOHNSON JOHNJenkintown,2020,"Faith Christian, Jenkintown at Holy Ghost Prep2ndApr 8, 2019"
721,54.29,SHYAM PATELBensalem,2020,"Montgomery Memorial Track and Field Meet11thMay 2, 2019"
721,54.29,NICHOLAS BRENKACSCedar Cliff,2022,"31st New Balance Pan-Ram Invitational16thApr 13, 2019"
721,54.29,NOAH SMITHPerkiomen Valley,2019,"Pioneer Athletic Conference Championship16thMay 10, 2019 - May 11, 2019"
721,54.29,JOE ROLLERWilliam Tennent,2020,"Jim Kelly Invitational17thMar 30, 2019"
721,54.29,MICHAEL WINANSCorry Area,2021,"46th Annual Baldwin Invitational26thMay 3, 2019"
727,54.3,BRAYDEN MURRELLEAthens Area,2019,"Northern Tier League School Championships5thMay 10, 2019"
727,54.3,JORDAN WESTGeorge School,2019,"PA Independent School Athletic Association (PAISAA) Championship10thMay 18, 2019"
729,54.31,DUQUAN STELLINGBURGMt. Airy Track Club,2019,"City of Wilmington Youth Invite1stJun 9, 2019"
729,54.31,CONNER SODERSTEDTPalmyra,2019,"Lebanon County Championships5thApr 27, 2019"
729,54.31,BRADEN HANAHANWest Middlesex,2020,"Mercer County Track and Field Invitational6thMay 9, 2019"
729,54.31,AHZAYAH LUNSFORD-ELLISRoman Catholic,2020,"Philadelphia Catholic League Outdoor Championships14thMay 11, 2019"
733,54.32,AVERY CAMPBELLWilliamsport Area,2022,"Mifflinburg at Williamsport3rdMay 7, 2019"
733,54.32,GRAHAM PHILLIPSLiberty,2021,"ASD Invitational9thApr 18, 2019"
733,54.32,TREVION CAREYHarrisburg High School,2020,"31st New Balance Pan-Ram Invitational17thApr 13, 2019"
736,54.33,JAY SISKOPottsgrove,2019,"Pioneer Athletic Conference Championship17thMay 10, 2019 - May 11, 2019"
737,54.34,NICHOLAS SCHRIFFERTSaucon Valley,2020,"EPC/Colonial Conference Championships14thMay 7, 2019 - May 8, 2019"
738,54.35,JAYDEN BOWMANAmbridge Area,2021,"West Mifflin Last Chance Meet13thMay 7, 2019"
739,54.36,LEONARD JOHNSONWestern Wayne,2019,"Lasagna Invitational1stApr 26, 2019"
739,54.36,TUCKER WATSONMeadville Area,2019,"2019 Franklin Track & Field Invitational5thApr 13, 2019"
741,54.37,JOSH RENNEKAMPConestoga Valley,2021,"Lebanon-Lancaster League Championship13thMay 10, 2019 - May 11, 2019"
741,54.37,ALEX HAASPittston Area,2019,"Red & Black Invitational16thApr 18, 2019"
743,54.39,LIAM CREELEYDelco Stallions TC,,"City of Wilmington Youth Invite10thJun 9, 2019"
744,54.4,RODERICK PORTERSpringfield Township (Montco),2022,"SOL American Conference Championships11thMay 10, 2019 - May 11, 2019"
744,54.4,LUIS ENGLETONCouncil Rock South,2020,"S.O.L. National Conference Championships15thMay 10, 2019 - May 11, 2019"
744,54.4,BEN MILLER-WILSONLower Merion,2022,"Lower Merion Invitational16thMay 4, 2019"
744,54.4,MARCUS CURVANLaSalle College High School,2019,"Hoka One One John Hay Pennsylvania Distance Festival17thMay 31, 2019"
744,54.4,JAYDEN CARTWRIGHTNorth Penn,2021,"SOL Continental Conference Championships18thMay 10, 2019 - May 11, 2019"
749,54.41,SHEJIN SHAJULower Moreland,2021,"Dock Mennonite Academy-Lower Moreland2ndApr 9, 2019"
749,54.41,JAKE PATTISONBradford Area,2021,"Punxsutawney vs. Bradford3rdMay 7, 2019"
749,54.41,CALEB RIGOLHanover Area,2019,"PIAA District 2 AA Championship7thMay 15, 2019"
749,54.41,DARIEN OSMUNSpring Grove,2022,"YAIAA Track and Field League Championships14thMay 10, 2019"
753,54.42,ANDY CHLPKAWest Middlesex,2019,"Mercer County Track and Field Invitational7thMay 9, 2019"
753,54.42,MICHAEL PIDGEONLakeland,2021,"PIAA District 2 AA Championship8thMay 15, 2019"
753,54.42,WILLIAM KANELansdale Catholic,2020,"PIAA District 12 AA Championships9thMay 15, 2019 - May 16, 2019"
753,54.42,LUKE CABLEDaniel Boone,2019,"Twin Valley Invitational11thApr 18, 2019"
753,54.42,AIDEN WYBLENortheastern,2020,"YAIAA Track and Field League Championships15thMay 10, 2019"
758,54.43,KORY MARLATTPalmerton Area,2019,"EPC/Colonial Conference Championships15thMay 7, 2019 - May 8, 2019"
758,54.43,ALEXANDER KARENBAUERButler,2020,"Butler Invitational - 55th Annual34thApr 18, 2019"
760,54.44,MITCHELL MCMARLINMars Area,2021,"MAC Meet12thApr 24, 2019"
761,54.46,PRESTON LAWRENCEJim Thorpe Area,2019,"North Schuylkill @ Jim Thorpe3rdApr 1, 2019"
762,54.47,TYSEAN LACKSTrinity (7),2022,"Big South Championship6thApr 24, 2019"
763,54.48,AIDEN TOBINSouthern Lehigh,2022,"EPC/Colonial Conference Championships16thMay 7, 2019 - May 8, 2019"
763,54.48,KYLE EDDINGERIroquois,2022,"PIAA District 10 Class AA Championships17thMay 18, 2019"
763,54.48,LUKE MYERSChambersburg,2019,"31st Annual Stan Morgan Invitational at Carlisle26thMay 4, 2019"
766,54.49,MATT KLAPCHARCentral Bucks West,2021,"Rising Star Track & Field Classic (PPD)1stMay 15, 2019"
766,54.49,MATTHEW MANNINGPenns Valley Area,2019,"PIAA District 6 AA Championships11thMay 15, 2019"
766,54.49,JOSH BIESINGERMartinsburg Central High School,2022,"PIAA District 6 AA Championships11thMay 15, 2019"
769,54.5,ANTHONY GERVAISMethacton,2022,"Warrior Invitational16thApr 12, 2019"
769,54.5,AJ FLETCHERFreedom (11),2021,"Red & Black Invitational17thApr 18, 2019"
771,54.51,WILL HOLLENBECKMcDowell,2020,"McDowell Vs Conneaut 20193rdApr 30, 2019"
771,54.51,BRENDAN DESANTISGreat Valley,2021,"Ches-Mont Championship15thMay 8, 2019"
773,54.52,ANDREW MORROWCumberland Valley,2019,"Carlisle vs Cumberland Valley6thApr 23, 2019"
773,54.52,ISSAC CAVILLPittston Area,2020,"PIAA District 2 AAA Championship7thMay 16, 2019"
773,54.52,CONNOR HOLTDunmore,2021,"PIAA District 2 AA Championship9thMay 15, 2019"
776,54.53,MOSHEH FRANCISCristo Rey Philadelphia,2021,"Penn-Jersey Athletic League Championships2ndMay 8, 2019"
776,54.53,ZAKARIA LOUDINIFriends' Central,2019,"Friends Central vs George School, Abington Friends, Perkiomen4thApr 16, 2019"
776,54.53,LIAM SAGESManheim Township,2022,"Lebanon-Lancaster League Championship14thMay 10, 2019 - May 11, 2019"
779,54.54,BRENNON SONGERGeneral McLane,2019,"PIAA District 10 Class AAA Championships7thMay 18, 2019"
779,54.54,BRYCE WEBERPine Grove Area,2020,"Schuylkill League Track and Field Championships11thMay 7, 2019 - May 8, 2019"
779,54.54,SADIQ BROWNAmbler Olympic Club,,"AAU Mid-Atlantic District Qualifier16thJun 14, 2019 - Jun 16, 2019"
782,54.55,MARC ALLERHEILIGENState College Area High School,2019,"Mifflin County @ State College1stMar 26, 2019"
782,54.55,JAEDEN BEARDCoatesville,2020,"Coatesville vs Downingtown West8thApr 30, 2019"
782,54.55,BRENNAN SCHULTZKane Area,2019,"PIAA District 9 AAA and AA Championship9thMay 17, 2019"
785,54.56,MATT LAMBNeshaminy,2022,"16th Annual Unionville Invitational8thApr 27, 2019"
785,54.56,MARTIN GALLAGHERSaint Joseph's Prep,2022,"31st Father Judge Relays23rdApr 17, 2019"
787,54.57,KEVIN INGROSPunxsutawney Area,2019,"Altoona Mt. Lion Track & Field Classic (Large Schools) AAA11thMay 3, 2019"
787,54.57,BRYCE MILESWissahickon,2019,"Upper Moreland Track Invitational15thApr 12, 2019"
787,54.57,COLE COOPERChurch Farm School,2020,"Warrior Invitational17thApr 12, 2019"
790,54.58,CAMERON BACKWELLAbington,2021,"SOL American Conference Championships12thMay 10, 2019 - May 11, 2019"
790,54.58,VICENTE VELEZFather Judge,2020,"31st Father Judge Relays24thApr 17, 2019"
792,54.59,WARREN SEIGENDALLHazleton Area,2019,"PIAA District 2 AAA Championship8thMay 16, 2019"
793,54.6,ANDREW BRELOWellsboro Area,2019,"Northern Tier League School Championships7thMay 10, 2019"
793,54.6,ALEX RENDONWhirlwinds Track Club,2020,"City of Wilmington Youth Invite11thJun 9, 2019"
795,54.61,DAVID ALLENBradford Area,2019,"Punxsutawney vs. Bradford4thMay 7, 2019"
795,54.61,JOSH WELSHSpringfield (Delco),2021,"Central League Individual Champs10thMay 8, 2019"
795,54.61,JONTE SIMMONSMuhlenberg,2019,"90th Annual John H. Shaner Memorial Track Meet13thMay 3, 2019 - May 4, 2019"
798,54.62,GAGE ALDRICHOtto-Eldred,2020,"North Tier League Invitational3rdMay 10, 2019"
799,54.63,NYCIEM BELVINPenn Hills Eagles TC,,"Three Rivers Association Championships5thJun 22, 2019 - Jun 23, 2019"
799,54.63,ELIJAH TWYMANNorth Penn,2021,"Knights Invitational19thApr 4, 2019"
801,54.64,JONAH RODRIGUEZYork Suburban,2021,"Battle for Bridge Invitational6thMay 3, 2019"
801,54.64,KYLE DAYPurchase Line,2020,"PIAA District 6 AA Championships13thMay 15, 2019"
801,54.64,MARQUETTES BOYDMilton Hershey,2019,"31st New Balance Pan-Ram Invitational20thApr 13, 2019"
801,54.64,ISAIAH HOYLEConrad Weiser,2021,"2019 BCIAA Firing Championship20thMay 9, 2019 - May 11, 2019"
805,54.65,MONTELL CARLOCKRinggold,2020,"Scott Frederick Mid Mon Track Classic3rdApr 29, 2019"
805,54.65,JARROD GARZARELLICentral Cambria HS,2019,"Laurel Highlands Athletic Conference Track & Field Championship7thMay 7, 2019"
805,54.65,SHAWN CARRWissahickon,2021,"Jim Kelly Invitational21stMar 30, 2019"
808,54.66,MICHAEL LUCCIRochester,2020,"MAC Meet13thApr 24, 2019"
808,54.66,JACOB STERNBERG-SHERGermantown Friends School,2019,"Warrior Invitational18thApr 12, 2019"
810,54.67,NATHAN MCANANYSaint Marys Area,2019,"PIAA District 9 AAA and AA Championship5thMay 17, 2019"
810,54.67,JOSEPH LEWISAmbler Olympic Club,,"AAU Mid-Atlantic District Qualifier18thJun 14, 2019 - Jun 16, 2019"
812,54.68,ERIC SZAROWICZSmethport Area,2019,"North Tier League Invitational4thMay 10, 2019"
812,54.68,EMMANUEL ASENCIO PIERREJ.P. McCaskey,2019,"Lebanon-Lancaster League Championship15thMay 10, 2019 - May 11, 2019"
812,54.68,MARTIN BRENNEMANLampeter Strasburg,2022,"Lebanon-Lancaster League Championship16thMay 10, 2019 - May 11, 2019"
812,54.68,COLIN CHANCentral Bucks South,2021,"Knights Invitational20thApr 4, 2019"
816,54.69,KRISTIAN PRAIZNERRidley,2022,"Strath Haven vs Upper Darby vs Ridley6thApr 29, 2019"
817,54.7,PETER KAPPSpringside Chestnut Hill Academy,2019,"PW Colonial Classic17thApr 6, 2019"
818,54.71,KEYSHAWN GATTOEllwood City,2019,"15th Annual South Hills Classic13thApr 6, 2019"
818,54.71,NOAH BROOKSPenn Charter,2022,"12th Annual Viking Invitational20thApr 13, 2019"
818,54.71,RADISON HOCKENBURYState College Area High School,2020,"Shippensburg 93rd Jack Roddick HS Invitational34thApr 20, 2019"
821,54.72,CALEB BRUNGARDWestern Wayne,2020,"Lasagna Invitational2ndApr 26, 2019"
822,54.73,DAVID KEITHWest Chester East,2022,"16th Annual Unionville Invitational10thApr 27, 2019"
822,54.73,JORDIN JONESInfinity Track Club,,"AAU Mid-Atlantic District Qualifier19thJun 14, 2019 - Jun 16, 2019"
824,54.74,JORDAN LAYOSMethacton,2021,"Spring Ford vs Methacton5thApr 2, 2019"
824,54.74,GAGE MONETTEBurgettstown,2019,"Washington Greene County Championship7thApr 27, 2019"
824,54.74,COLLIN HARTRANFTCentral Bucks South,2022,"SOL Continental Conference Championships19thMay 10, 2019 - May 11, 2019"
827,54.75,NICK DURINZIWest Chester Rustin,2020,"American Division Open1stMay 1, 2019"
827,54.75,RASIR AHMEDBodine,2019,"PIAA District 12 AA Championships10thMay 15, 2019 - May 16, 2019"
829,54.76,FARHAN RIAZWhirlwinds Track Club,,"Mid-Atlantic International Youth Qualifier3rdJun 22, 2019"
829,54.76,DYLAN SCHEERAnnville-Cleona,2020,"Twin Valley Invitational13thApr 18, 2019"
831,54.77,JOHN STUMPSusquenita,2020,"PECO Track and Field Meet2ndMay 6, 2019"
831,54.77,BRAD CANTORALArchbishop Ryan,2022,"PW Colonial Classic18thApr 6, 2019"
831,54.77,SEBASTIAN KUHNWilliam Penn,2020,"14th Annual Hoka One One Henderson Invitational46thMay 3, 2019"
834,54.78,KOLT BYERSBermudian Springs,2020,"Vertical Adventures Decathlon & Heptathlon Meet8thJun 22, 2019 - Jun 23, 2019"
834,54.78,KAMAU TIMAZEERoman Catholic,2020,"PIAA District 12 AAA Championships18thMay 15, 2019 - May 16, 2019"
834,54.78,LUKE GILDEAPlum,2021,"Pine-Richland Invitational26thMay 3, 2019"
834,54.78,HAYDEN PARKSMeadville Area,2020,"46th Annual Baldwin Invitational32ndMay 3, 2019"
838,54.79,TASANJU KARMODanville Area,2021,"Central Mountain vs Danville Area1stMay 7, 2019"
838,54.79,JUSTIN BADTLower Merion,2021,"16th Annual Unionville Invitational11thApr 27, 2019"
840,54.8,DILLON OLSONBrookville Area,2019,"Brookville vs. Oil City1stMay 7, 2019"
840,54.8,KYIESE MAXWELLBishop McDevitt,2022,"PW Colonial Classic19thApr 6, 2019"
840,54.8,TYLER FRANCISMalvern Prep,2019,"14th Annual Hoka One One Henderson Invitational47thMay 3, 2019"
843,54.81,NATE PRICEGeneral McLane,2019,"McDowell vs General McLane3rdApr 10, 2019 - Apr 9, 2019"
843,54.81,NICK RESELEDanville Area,2020,"PIAA District 4 AA-AAA Championship13thMay 16, 2019 - May 18, 2019"
845,54.82,MEZEL SQUARE-WARDGirard College HS,2021,"Penn Jersey League Meet 23rdMay 2, 2019"
845,54.82,AUSTIN GAYDOSAvon Grove,2021,"West Chester East vs. Avon Grove4thApr 29, 2019"
845,54.82,DEVIN CHOLLETTEWest Scranton,2021,"The Robert Spagna Championship11thMay 7, 2019"
845,54.82,JOE MASTRIPenn Cambria,2022,"PIAA District 6 AA Championships14thMay 15, 2019"
845,54.82,TAMAR SAMPLECathedral Prep,2021,"17th Annual Blue Ridge Classic18thApr 27, 2019"
850,54.83,IAN THOMASBrentwood,2020,"Mount Lebanon Invitational2ndMar 30, 2019"
850,54.83,NICHOLAS VIGGIANONeshannock,2020,"Pine-Richland Invitational27thMay 3, 2019"
852,54.84,ANTHONY CORTINASaint Marys Area,2019,"Altoona Mt. Lion Track & Field Classic (Large Schools) AAA13thMay 3, 2019"
852,54.84,JASON MCGINNETTCorry Area,2019,"Erie County Track & Field Classic15thMay 9, 2019"
852,54.84,NASHEEN BELLSNPGD Lions,,"AAU Mid-Atlantic District Qualifier20thJun 14, 2019 - Jun 16, 2019"
852,54.84,ANTHONY BURNSLewisburg Area,2022,"PHAC Track and Field Championships 201921stMay 11, 2019"
856,54.86,ZUKE SMITHKane Area,2021,"Altoona Mt. Lion Track & Field Classic (Small Schools) AA8thMay 3, 2019"
856,54.86,ANDREW NOVROCKIWyoming Valley West,2021,"PIAA District 2 AAA Championship9thMay 16, 2019"
856,54.86,AIDAN RAYWest Chester Henderson,2020,"Warrior Invitational20thApr 12, 2019"
859,54.87,DANIEL KOZELAvon Grove,2021,"Downingtown East vs. Avon Grove vs. Downingtown West5thApr 10, 2019"
859,54.87,CHIGOZIE NZEHUpper Darby,2019,"Boys: Upper Darby v Springfield v Harriton v Haverford6thApr 10, 2019"
859,54.87,TRISTAN SHIRKMontoursville Area,2020,"4th Annual Don Wilhour Selinsgrove Classic10thApr 6, 2019"
859,54.87,ELLIOT BARRGermantown Friends School,2019,"Warrior Invitational21stApr 12, 2019"
863,54.88,BRENNAN DOANSpring Ford,2020,"14th Annual Hoka One One Henderson Invitational49thMay 3, 2019"
864,54.89,ELI DICKSONFranklin Area,2020,"2019 Franklin Track & Field Invitational6thApr 13, 2019"
864,54.89,DYLAN LLOYDMohawk,2020,"MAC Meet15thApr 24, 2019"
866,54.9,ANDRES QUINTANALoyalsock Township,2022,"Loyalsock vs. Milton1stMay 7, 2019"
867,54.91,DOMINICK ABATEMidd-West High School,2019,"Lewisburg vs Midd-West1stApr 11, 2019"
867,54.91,SAM GARDAAvonworth / Northgate,2021,"Northern Area Last Chance13thMay 7, 2019"
867,54.91,NICO DILLMANPlymouth Whitemarsh,2019,"SOL American Conference Championships14thMay 10, 2019 - May 11, 2019"
870,54.92,JOZEF BOZEMANPenn Hills,2019,"46th Annual Baldwin Invitational34thMay 3, 2019"
871,54.93,RICHARD TAYLORBald Eagle Area,2019,"PIAA District 6 AA Championships15thMay 15, 2019"
871,54.93,JOSHUA BUNCHMo Bettah Track Club,,"AAU Mid-Atlantic District Qualifier40thJun 14, 2019 - Jun 16, 2019"
873,54.94,IAN THRUSHBrookville Area,2020,"Brookville vs. Oil City2ndMay 7, 2019"
873,54.94,ADAM WILCOXReynolds,2020,"Mercer County Track and Field Invitational8thMay 9, 2019"
875,54.95,MATTHEW MCLAUGHLINHarrisburg Christian School,2019,"MACSA High School Invitational1stMay 1, 2019"
875,54.95,ARIC GRAHAMNorthern,2020,"Northern Small School Invitational2ndMar 28, 2019"
875,54.95,WILLIAM PACKSusquenita,2020,"Sterling Hoffman Track & Field Invitational3rdApr 12, 2019"
875,54.95,EDDIE LOPESScranton Preparatory School,2020,"PIAA District 2 AA Championship10thMay 15, 2019"
875,54.95,KAM KRUZEWest Allegheny,2020,"Northern Area Last Chance14thMay 7, 2019"
875,54.95,RYAN DESMORNESBoyertown,2022,"90th Annual John H. Shaner Memorial Track Meet16thMay 3, 2019 - May 4, 2019"
881,54.96,ALEX GERSHMANWest Chester Henderson,2020,"Warrior Classic1stMay 11, 2019"
881,54.96,AYDEN BERTOLDIHershey Blaze Track Club,,"2019 Mid-Atlantic USATF JO T&F Championships3rdJun 8, 2019 - Jun 9, 2019"
881,54.96,AJ LEHMANNorthern Potter,2020,"North Tier League Invitational5thMay 10, 2019"
881,54.96,BERKLEE COHENMercersburg Academy,2020,"PA Independent School Athletic Association (PAISAA) Championship14thMay 18, 2019"
881,54.96,OWEN NETTLESNew Hope-Solebury,2021,"Haverford Invitational16thMar 30, 2019"
886,54.97,ELLIOTT WANNOPWilliamsport Area,2021,"Mifflinburg at Williamsport4thMay 7, 2019"
886,54.97,DAMON MARTINAbington Heights,2020,"PIAA District 2 AAA Championship10thMay 16, 2019"
886,54.97,WOLF ARNOLDSchuylkill Valley,2021,"2019 BCIAA Firing Championship22ndMay 9, 2019 - May 11, 2019"
889,54.98,NICK KERNERNorth East,2022,"McDowell Junior Varsity Meet3rdMay 2, 2019"
889,54.98,JOHN HORGANHoly Ghost Preparatory School,2021,"Bristol, Calvary Christian at Holy Ghost Prep4thApr 29, 2019"
889,54.98,GARY MARTINArchbishop Wood,2022,"PIAA District 12 AAA Championships19thMay 15, 2019 - May 16, 2019"
889,54.98,CHRISTIAN GILMOREEast Stroudsburg Area South,2022,"Red & Black Invitational23rdApr 18, 2019"
889,54.98,JOSHUA LEEPenn Hills,2022,"46th Annual Baldwin Invitational35thMay 3, 2019"
894,54.99,JONAH HILLEGASSChestnut Ridge,2022,"PIAA District V Championship Meet7thMay 15, 2019"
894,54.99,JACOB YETZERCorry Area,2019,"Erie County Track & Field Classic17thMay 9, 2019"
896,55,NICK SPEAKMAN-VIGGIANOOwen J. Roberts,2020,"Pioneer Athletic Conference Championship19thMay 10, 2019 - May 11, 2019"
897,55.01,WES GOODFairview,2019,"43rd Annual Altoona Area Igloo Invitational6thMar 30, 2019"
897,55.01,TOBY WILLIAMSGreenville,2022,"Mercer County Track and Field Invitational9thMay 9, 2019"
897,55.01,ANTHONY RAGUSAWallenpaupack,2019,"The Robert Spagna Championship12thMay 7, 2019"
897,55.01,JAYCE THARNISHConestoga,2022,"Central League Individual Champs12thMay 8, 2019"
901,55.02,RIVER TERRYMount Union Area,2019,"Bellwood-Antis Invitational3rdApr 29, 2019"
901,55.02,ETHAN FLANDERSFox Chapel Area,2021,"Butler 9th/10th Grade Invitational4thApr 25, 2019"
901,55.02,CHRIS CLAUSSAbington Heights,2022,"PIAA District 2 AAA Championship11thMay 16, 2019"
901,55.02,JARED NASHCathedral Prep,2020,"15th Annual South Hills Classic17thApr 6, 2019"
905,55.03,NATE FURLOWChichester,2020,"Art Madric Hall of Fame Invite23rdApr 20, 2019"
906,55.04,WILLIAM FREDSCarlisle,2021,"Carlisle vs Cumberland Valley7thApr 23, 2019"
906,55.04,CALEB BUNCHAmbler Olympic Club,,"AAU Mid-Atlantic District Qualifier22ndJun 14, 2019 - Jun 16, 2019"
906,55.04,MICHAEL RAFALAWarrior Run,2019,"PHAC Track and Field Championships 201924thMay 11, 2019"
909,55.05,ZACH ZELENSKYHomer Center,2019,"Heritage Conference Championships4thMay 7, 2019"
909,55.05,MATT MUTHLEROwen J. Roberts,2020,"Whippet Invitational14thApr 6, 2019"
909,55.05,DAVE KELLYCoatesville,2022,"Rustin Invitational14thApr 17, 2019"
909,55.05,ANTRON DIXONAmbridge Area,2019,"MAC Meet17thApr 24, 2019"
913,55.06,BENJAMIN GAMBRELL IVAthens Area,2021,"Northeast Bradford & Williamson @ Athens1stApr 23, 2019"
914,55.07,ELIJAH BLACKWELLStallions Youth Track Club,,"Three Rivers Association Championships6thJun 22, 2019 - Jun 23, 2019"
914,55.07,KAZZIM RICHARDSPenn Wood,2020,"11th Annual Jack Armstrong Invitational Track and Field Meet17thApr 17, 2019"
914,55.07,DAVID DASILVAWilliam Tennent,2021,"Jim Kelly Invitational22ndMar 30, 2019"
917,55.08,SINCERE MCFARLINSaltsburg High School,2022,"United Invitational6thApr 6, 2019"
917,55.08,QUENTIN NAHODILMount Carmel Area,2019,"4th Annual Don Wilhour Selinsgrove Classic13thApr 6, 2019"
917,55.08,IAN FRANCISAcademy Park,2020,"Upper Moreland Track Invitational16thApr 12, 2019"
917,55.08,JOSH DRAKEWilson (3),2022,"90th Annual John H. Shaner Memorial Track Meet17thMay 3, 2019 - May 4, 2019"
921,55.09,HOLDEN BETZDowningtown West,2021,"BSHS .v. Downingtown West Dual Meet2ndApr 22, 2019"
921,55.09,DALTON BECHDELCentral Mountain,2019,"PIAA District 6 AAA Championships8thMay 16, 2019"
921,55.09,EVAN CLARKCentral Bucks East,2022,"12th Annual Viking Invitational21stApr 13, 2019"
924,55.1,JOHN CELLURALEConnellsville,2019,"Fayette County Coaches Association Championships2ndApr 27, 2019"
924,55.1,ERIK MCCALLIONHaverford Township HS,2019,"Haverford, Lower Merion @ Ridley7thMar 27, 2019"
924,55.1,JOSH SHOEMAKERGarnet Valley,2019,"16th Annual Unionville Invitational14thApr 27, 2019"
924,55.1,ETHAN OTTChambersburg,2022,"Tim Cook Memorial Invitational16thMar 30, 2019"
924,55.1,MATT FLANCERWissahickon,2019,"PW Colonial Classic20thApr 6, 2019"
929,55.11,EZEKIEL MERCUREUpper Darby,2020,"Strath Haven vs Upper Darby vs Ridley8thApr 29, 2019"
929,55.11,EVAN KREIDERCocalico,2019,"12th Cy Fritz Open presented by Penn Medicine LGH Sports Med12thApr 26, 2019"
929,55.11,NATHANIEL FURLOWWhirlwinds Track Club,,"AAU Mid-Atlantic District Qualifier41stJun 14, 2019 - Jun 16, 2019"
932,55.12,AHMED TOUREMt. Airy Track Club,,"City of Wilmington Youth Invite2ndJun 9, 2019"
932,55.12,NICK RAUCOGreater Latrobe,2021,"Norwin 9th and 10th Invitational4thApr 25, 2019"
932,55.12,LUCAS BLATTHamburg Area,2022,"2019 BCIAA Firing Championship23rdMay 9, 2019 - May 11, 2019"
935,55.13,JACOB HUBERLoyalsock Township,2020,"Jim Taylor High School Classic (formerly Susq.HS Classic)11thApr 13, 2019"
935,55.13,GABRIEL HONTZLiberty,2020,"ASD Invitational12thApr 18, 2019"
935,55.13,MICHAEL GRECOCentral Bucks West,2021,"Explorers Invitational13thApr 12, 2019"
935,55.13,MATT VELEZFather Judge,2021,"Philadelphia Catholic League Outdoor Championships17thMay 11, 2019"
935,55.13,AUSTIN DOLANUnion City Area,2020,"Erie County Track & Field Classic18thMay 9, 2019"
940,55.14,CADE KLINGERBloomsburg,2020,"PHAC Track and Field Championships 201925thMay 11, 2019"
941,55.15,DRAKE SCHULTZGarnet Valley,2020,"Upper Darby v Lower Merion v Garnet Valley5thApr 23, 2019"
941,55.15,JOE LEONARDEpiscopal Academy,2019,"Inter-Ac League Championships7thMay 9, 2019 - May 11, 2019"
941,55.15,JACE MINERBrookville Area,2021,"PIAA District 9 AAA and AA Championship11thMay 17, 2019"
941,55.15,ANTHONY BERINNIWyoming Valley West,2020,"PIAA District 2 AAA Championship12thMay 16, 2019"
941,55.15,ALEX KORETKESpring Ford,2019,"Great Valley R. Joseph Kellerman Invitational23rdApr 20, 2019"
941,55.15,MATTHEW GRAZULISKiski Area,2019,"Butler Invitational - 55th Annual42ndApr 18, 2019"
947,55.16,CONNOR TONEHoly Cross High School,2018,"The Robert Spagna Championship13thMay 7, 2019"
948,55.17,SHANE MOSLEYDelco Stallions TC,,"City of Wilmington Youth Invite12thJun 9, 2019"
948,55.17,REGENT WALDENPlymouth Whitemarsh,2022,"SOL American Conference Championships15thMay 10, 2019 - May 11, 2019"
948,55.17,DEACON MAYOCKConestoga,2020,"PW Colonial Classic21stApr 6, 2019"
951,55.18,DEKAI AVERETTSouderton Area,2022,"Helman Memorial Invitational15thMay 2, 2019"
952,55.19,KAMERE DAYHarrisburg High School,2020,"Harrisburg @ State College2ndMay 7, 2019"
952,55.19,NICK WASHINGTONWest Chester Henderson,2021,"Warrior Classic2ndMay 11, 2019"
952,55.19,JOSH IMHOFPine-Richland,2021,"Northern Area Last Chance15thMay 7, 2019"
952,55.19,JOSHUA HEILMANNorthwestern Lehigh,2022,"EPC/Colonial Conference Championships17thMay 7, 2019 - May 8, 2019"
952,55.19,DONALD ROBSONWest Chester Track Club,2022,"AAU Mid-Atlantic District Qualifier24thJun 14, 2019 - Jun 16, 2019"
957,55.2,AZAM AHMEDWyomissing Area,2020,"Berks Catholic at Wyomissing3rdApr 23, 2019"
957,55.2,TODD FISHERBethlehem-Center,2020,"Section 6-AA Track & Field Championships3rdApr 24, 2019"
957,55.2,AARON ANDERSONUpper Merion,2021,"Upper Merion vs Pottsgrove HS3rdApr 17, 2019"
957,55.2,PEYTON STUMPKutztown Area,2020,"Twin Valley Invitational15thApr 18, 2019"
961,55.21,QUINTIN WEAVERUnion,2019,"Oil Country Invitational6thMay 4, 2019"
961,55.21,ANDREW BALEKMethacton,2019,"Jim Kelly Invitational24thMar 30, 2019"
961,55.21,ANTONIO CAMACHOHoly Ghost Preparatory School,2021,"Jim Kelly Invitational24thMar 30, 2019"
964,55.22,CALEB STAUBWhitehall,2019,"Cavalier Invitational7thApr 30, 2019"
964,55.22,MAXIMO FRANCOLampeter Strasburg,2020,"Ray Geesey Track and Field Invitational9thApr 26, 2019"
966,55.23,MARK SUMINSKIHershey,2019,"17th Annual Black Knight Invitational19thApr 13, 2019"
967,55.24,DOUG BARNETTCentral Bucks West,2021,"Rising Star Track & Field Classic (PPD)2ndMay 15, 2019"
968,55.25,IBRAHIM RASHIDErie High School,2019,"Rock Relays11thApr 20, 2019"
968,55.25,IVAN DEJESUSSelinsgrove,2020,"PIAA District 4 AA-AAA Championship14thMay 16, 2019 - May 18, 2019"
970,55.26,LUKE ABDALLAAbington Heights,2019,"The Robert Spagna Championship14thMay 7, 2019"
970,55.26,VINCENT FENNELLOwen J. Roberts,2020,"Whippet Invitational16thApr 6, 2019"
970,55.26,QUINTEN SHERWOODOwen J. Roberts,2019,"Whippet Invitational16thApr 6, 2019"
973,55.27,GLEN SULTZABERGERCumberland Valley,2019,"Carlisle vs Cumberland Valley8thApr 23, 2019"
973,55.27,AUGIE MUCCIGreater Latrobe,2021,"Lady Spartan/Wildcat Invitational10thApr 13, 2019"
975,55.28,BIMAL GAJMERScranton,2019,"James Cross Wilkes-Barre Invite5thMay 4, 2019"
975,55.28,NICO PRINCEEast Stroudsburg Area South,2020,"Red & Black Invitational25thApr 18, 2019"
977,55.29,JACK HUGHESConestoga,2020,"Haverford vs Conestoga vs Penncrest6thApr 22, 2019"
977,55.29,ISSAC LITTLEChestnut Ridge,2020,"Northern Bedford Invitational6thApr 26, 2019"
977,55.29,IBRAHEEM AHMADFriends' Central,2020,"Friends League Championships6thMay 11, 2019"
977,55.29,AHMAD HARRINGTONPhiladelphia Striders,,"1st State Outdoor Track Classic10thJun 1, 2019"
977,55.29,RYAN GIVENSTwin Valley,2019,"Bensalem Invitational12thApr 13, 2019"
982,55.3,CASE DONALDSONNorthern Bedford,2019,"ICC Championship Meet4thMay 6, 2019"
983,55.31,ELIJAH HILDRETHGreater Norristown T and F,2021,"UAGTCA 2019 Outdoor Championship Meet3rdJun 1, 2019"
983,55.31,COLE LANGLEYKennett,2019,"Chesmont American Division Super Meet8thApr 3, 2019 - Apr 10, 2019"
985,55.32,NATHAN SALUSLake Lehman,2020,"Tamaqua Blue Raider Invitational9thApr 12, 2019"
985,55.32,MICHAEL COHENWest Chester Henderson,2020,"Rustin Invitational15thApr 17, 2019"
987,55.33,DALTON SMITHGreenwood,2020,"Tri-Valley League Championships5thMay 8, 2019"
987,55.33,NATHAN LAHRYork County School of Technology,2019,"YAIAA Track and Field League Championships17thMay 10, 2019"
987,55.33,JOSH CONTORCHICKCentral Cambria HS,2022,"PIAA District 6 AA Championships18thMay 15, 2019"
987,55.33,CHASE HINERMoon Area,2020,"MAC Meet19thApr 24, 2019"
991,55.34,TONY GRAHAMRidley,2019,"Marple Newtown, Springfield at Ridley2ndApr 22, 2019"
991,55.34,IAN KELLYMastery Charter School - Shoemaker Campus,2021,"Philadelphia Public League Championships21stMay 8, 2019 - May 9, 2019"
993,55.35,DEAN NWOGWUGWUNorth Penn,2021,"SOL Continental Conference Championships20thMay 10, 2019 - May 11, 2019"
993,55.35,DANIEL FOXNazareth Area,2020,"Red & Black Invitational26thApr 18, 2019"
995,55.36,CONNOR WEISSHampton,2019,"Mars Varsity Invitational8thApr 26, 2019"
995,55.36,WYATT BRAYPleasant Valley High School,2020,"Cavalier Invitational8thApr 30, 2019"
997,55.37,JUSTIN HEFFERNANManheim Central,2022,"Battle for Bridge Invitational7thMay 3, 2019"
998,55.38,LUCAS HECKNorthern Bedford,2021,"PIAA District V Championship Meet8thMay 15, 2019"
998,55.38,LINUS BLATZOwen J. Roberts,2019,"Whippet Invitational18thApr 6, 2019"
1000,55.4,ZACH RAPPFleetwood Area,2019,"90th Annual John H. Shaner Memorial Track Meet20thMay 3, 2019 - May 4, 2019"
